Wet Red Mud Discharge   ;Water removed through evaporation   ;Water Consumption (Pre-Decilication, Digestion, Precipitation)  ;Pure Al(OH)3 (dry, precipitated)    ;Alumunium Recovery Rate (From Feed) ;Alumunium in Recycled Spent Liquor  ;Total CaO consumed  ;Total NaOH Consumed 
64.51565714;86.08404199;67.45813111;100.9751288;87.61%;9.041611297;5.212243996;54.26276205
53.06971714;75.78214855;56.75319752;85.20242309;90.69%;9.322439213;4.350625731;45.77647136
69.64066552;78.40474712;80.43348769;97.05619619;87.58%;11.1019049;8.920784892;53.84573096
76.04868986;86.38450515;73.54608343;76.39502009;83.54%;8.023278347;9.575490413;43.47237915
56.35531829;74.80420341;60.60465357;81.17413887;89.81%;6.66912844;5.779539813;44.29896706
42.06732088;61.92661131;62.13300608;102.4344118;93.99%;14.11787519;3.708638303;54.40031193
72.11534883;88.30770211;70.42506582;87.52999442;87.75%;10.33933369;7.499700611;48.32906478
65.54860119;74.38291121;71.88061067;77.5045123;84.25%;7.940396961;9.035056274;43.81158738
80.02309324;90.18093478;76.66405378;81.142383;83.15%;10.27542517;9.810302219;46.03004711
71.67386147;93.92439625;65.42320607;90.72708508;87.03%;8.2583851;5.876979985;49.26754243
69.80621927;79.54541741;79.29031065;96.50447668;87.04%;11.53187415;8.687570262;53.46443154
53.30957325;82.08687247;58.8460918;107.4441851;94.45%;11.76767933;2.284621879;56.35535001
67.61790075;71.11410025;85.6193807;98.65319423;86.53%;9.897064212;10.0379772;55.13899096
76.68396682;86.0055775;74.71666895;76.26387276;81.51%;9.272602032;9.896721362;43.54985707
55.68120743;70.08103546;65.35890993;83.92893379;89.05%;8.244978105;6.649841092;46.09904143
49.18045763;68.77417745;62.23717175;95.58619463;92.56%;10.42635986;4.52641489;51.2033748
81.02367572;91.99494342;76.35530268;81.42493465;83.16%;9.246783489;9.697353319;46.12099597
51.87107045;81.36281566;51.53326746;90.73939194;96.22%;11.95744343;2.39825543;47.80632588
49.18962857;71.37840996;60.1898027;96.81533409;93.90%;8.029783683;3.871205765;51.54125175
63.00311546;74.83058599;74.45481705;95.1973943;88.92%;11.66750873;7.641499593;52.3444926
84.7243001;97.33961916;78.45458342;88.24020819;84.53%;11.41263762;9.43197876;49.52842953
65.46905324;85.26581708;71.24149387;105.7885052;92.26%;10.57488793;5.607435082;56.91880054
70.02406802;88.30535869;67.68154744;87.77384118;86.77%;9.132620011;6.791408042;48.1441139
87.54246015;96.01953737;82.8952103;86.61963471;82.84%;10.16776184;10.73913711;49.24654733
63.30626329;94.83335322;51.86940513;86.83383864;93.90%;9.159171567;2.929967016;46.00695353
60.10393731;87.47436303;63.30180932;109.7103017;95.39%;14.24963697;3.154269721;57.9089928
41.28450269;60.33394197;60.66932347;96.90079466;93.27%;8.146958336;3.984271201;51.6343541
75.81237102;95.12042184;67.7877159;85.66058919;87.28%;8.795985392;7.064202442;47.17111982
71.08715114;87.84200159;66.35972252;78.99831902;85.55%;8.010024875;7.473357105;43.91222798
66.34840449;88.34558216;63.13394482;88.7575544;90.67%;8.580673724;5.535840013;48.10956944
68.18907704;89.63992006;70.04793564;104.5782385;91.44%;11.64398966;5.435446888;56.22853528
66.97389457;88.32081264;62.96859515;85.87103082;85.72%;8.222619135;5.818156075;46.74248025
59.05778729;70.45825503;76.74342848;103.7714924;90.02%;11.35670145;7.203587453;56.5686608
48.86948235;78.4080141;50.7086954;91.44832372;96.08%;10.73787801;2.110160404;48.04062525
46.51046213;69.43583795;61.11618349;103.9367444;94.22%;11.01764442;3.264666262;54.96507499
86.30434747;96.68204025;77.69414114;78.79991164;83.34%;7.122099881;10.33807237;45.03147152
84.07199267;93.69217336;85.31354072;99.5636685;86.48%;9.674496602;9.856022009;55.52842428
68.27900971;76.83424561;76.75906692;87.42177738;84.23%;7.991964388;9.102316599;48.94561891
39.92285268;64.60351072;57.41921161;104.5416779;96.39%;11.41895013;2.275100217;54.85512773
68.58775427;93.56267763;60.81549262;88.43444087;87.67%;7.818253515;5.004056633;47.71099872
78.93617666;96.92664304;72.55382844;92.32332501;88.79%;8.363286371;7.482201398;50.77718133
64.53859849;91.24572546;58.48944378;90.64949013;91.97%;7.899286441;4.141550817;48.48235996
61.84268298;76.98725865;68.49642251;88.87181632;88.71%;8.323406484;6.86077643;48.73418441
45.76486284;68.70099639;60.14922928;102.0406113;92.56%;13.48617365;3.245382583;53.99547714
63.06476062;77.13204227;73.89156111;99.49887986;87.58%;8.648590724;6.999203135;54.26568841
83.11339715;96.92426681;74.34825957;81.65545339;84.61%;6.601502649;9.180953805;46.00279257
78.01052539;95.70769672;66.34046357;75.09738672;83.29%;7.709893811;7.913996409;42.09111129
72.94725317;86.60738664;72.48125578;85.39933929;87.05%;7.816358783;8.262743513;47.54401992
82.04345099;97.99253856;74.44979936;88.88035586;84.26%;7.531081259;8.368670044;49.37953644
72.09696604;88.6665127;67.5709992;80.77484474;87.29%;7.571217528;7.577772823;44.86879555
61.43801153;84.07897978;65.51227098;101.654992;93.14%;11.33157154;4.64630708;54.38402227
62.61261344;69.71067441;81.03283559;100.5609094;88.07%;11.49765441;8.66405797;55.54221264
73.33078416;83.04440023;81.00868175;97.89329457;87.27%;10.76109381;8.961004573;54.2918217
86.89806788;100.3332054;76.27323108;82.53723841;84.19%;10.4350455;9.556326392;46.64024374
65.23912335;73.83092292;74.00489317;82.70310434;84.10%;9.039222465;8.9526951;46.45884043
86.23317828;99.8158448;82.35583263;100.3692244;86.93%;12.09893054;9.013829972;55.59689773
68.67361958;82.65553903;69.45351355;81.88067899;85.32%;6.902034351;7.919563111;45.58039404
57.09630093;80.8526087;60.08413787;93.65944644;91.55%;9.310910695;4.201866811;50.06596891
54.99325253;70.63513704;66.19156111;90.31752262;88.42%;11.99320557;6.133838011;49.18893768
79.12724409;94.83330884;75.92412772;94.96889164;88.35%;11.70798898;8.012177421;52.38582682
76.77683054;84.13697992;74.53235488;70.37988804;77.98%;8.076703504;10.5248503;40.78291191
79.97591058;98.53227809;72.61470905;92.67062372;83.42%;7.903473804;7.466717643;50.94659079
45.34788865;70.15035705;55.50773424;94.86851162;93.79%;10.00497982;2.90224172;50.13598261
49.20006589;74.93956771;58.15771195;101.1087931;95.51%;8.879791914;2.859026425;53.32296114
71.47014091;90.77096447;71.42076769;99.39382657;90.77%;9.492427631;6.373547474;53.94873233
64.93093091;86.04138485;66.90462306;97.79663134;90.49%;7.924652617;5.435747594;52.71567804
67.94422339;89.97191556;64.68110911;91.81446851;90.01%;12.25736337;5.561268915;49.71589653
45.24596214;73.02567525;50.08407979;88.06265591;90.16%;11.7410141;2.346694245;46.40510246
67.16887575;76.44382469;78.01999229;94.01881988;84.87%;10.70026936;8.656261466;52.16657519
46.87810855;75.06233397;50.73901005;89.46495508;95.79%;9.562155782;2.332508;47.10789294
62.00235879;77.3234245;67.49659372;86.32739556;87.27%;7.214490498;6.912556121;47.4400113
50.11894915;67.91877288;64.82168178;96.72666158;91.46%;8.842616725;5.038917713;52.00045569
72.69555094;93.55597443;69.46438697;97.05755816;88.71%;8.623255179;6.151387168;52.64583306
64.50925604;78.74126571;68.66098663;84.44515321;87.50%;11.40237893;7.426649876;46.71618874
65.02739496;75.37926181;78.29779459;99.71536504;88.87%;10.98800544;8.076985275;54.85254381
62.75958378;90.80643513;57.33451549;92.67426984;93.88%;12.33775297;3.635047546;49.33416554
41.98183967;66.43859083;58.65483617;105.199253;91.76%;8.664200594;2.502856358;55.27473933
60.11871812;82.77147375;65.49700419;102.8522172;91.89%;14.18193912;4.484563698;54.9480059
58.73267891;78.65707134;63.06840694;89.83041731;91.34%;8.766396974;5.402100783;48.60566266
65.72765771;81.79587036;71.24127672;95.51261012;89.59%;12.82504467;6.791019933;52.14947245
47.43052;73.06813273;52.09908981;85.64070366;93.92%;8.213026746;3.127554755;45.47175788
67.53372293;77.42299163;78.10135943;95.49748977;85.21%;8.688108968;8.50390552;52.85051089
62.72879324;92.42144584;51.26677187;80.25677519;87.90%;6.749678349;3.554692466;42.87456048
66.16386074;75.59685798;76.61795546;91.74788546;87.15%;11.95260444;8.569996318;50.96812961
40.86806886;67.14525662;53.23814519;96.79344042;96.30%;10.99733716;2.122739069;50.79896171
79.37419328;91.14216133;80.45441717;96.49404579;86.50%;11.1230069;8.979070861;53.58144571
55.64414862;85.4431065;55.90939031;99.98272206;88.79%;11.63523614;2.42821261;52.5752518
73.26290842;78.56789282;82.47728212;89.84329041;84.52%;9.465325273;10.26333498;50.6980098
57.82431718;81.47551816;63.21986558;101.3619986;93.73%;11.40231536;4.087008585;53.99413836
96.33496938;114.620797;74.11213284;81.11689152;78.85%;7.09936987;9.178943549;45.72766978
80.11417697;87.56764153;83.06926958;91.32542516;85.30%;11.79665942;10.23535892;51.46284968
73.70972989;92.00287181;65.85765292;79.38095837;85.58%;6.972465287;7.29800808;44.02792982
47.88531338;76.05224854;52.99558322;94.76867183;95.51%;9.551563961;2.299333579;49.82372128
59.09492656;83.60016472;57.9671026;88.07810037;92.72%;12.08571602;4.325924142;47.26260139
51.60449992;72.42674974;64.53614298;102.9621672;93.72%;11.54547795;4.230325664;54.88004217
54.7188878;84.17924026;57.3284739;103.9237836;95.20%;10.37879853;2.329184627;54.55403192
85.35810383;99.96383629;72.69784486;77.31561052;84.50%;6.94437154;9.268415534;43.80834432
55.86922811;82.27086366;57.46587044;94.82160067;94.33%;8.838664752;3.416901509;50.32525969
70.72534044;95.95392414;64.13756836;96.46296493;91.73%;11.0530726;4.900107061;51.8184391
77.33464377;87.76945759;74.42693413;78.09729174;82.73%;7.68630067;9.604424776;44.35901001
64.05792109;73.0826858;73.25600932;83.06933195;85.97%;9.544900431;8.726549661;46.55353565
75.08181727;92.84221421;68.93057626;85.17872979;87.73%;9.441195614;7.402281248;47.07168816
88.08087332;98.873229;76.09925058;73.9258189;81.77%;10.17208344;10.50158253;42.61069426
68.59538793;85.63541449;69.08873096;89.42796258;89.23%;8.819073673;6.957542355;49.06484762
47.92727871;70.30823006;60.54870689;99.62680754;92.74%;10.34112829;3.635762373;52.90140551
69.63184783;96.19231225;57.24075191;82.11403639;89.58%;8.05436642;4.821791371;44.3809219
91.77902028;103.0198412;85.20646687;96.64457878;84.17%;9.498840518;10.15409964;54.15240784
83.26272969;93.56290381;78.31379418;83.1091978;84.41%;8.103272976;9.999908244;47.11071966
45.7216534;69.47121675;58.77000253;100.3674616;90.68%;12.93161805;3.095228345;53.06662362
45.75075283;72.15039952;57.32059761;103.6862321;96.28%;10.50817379;2.353842515;54.44307971
59.33853886;77.03370354;70.3531895;103.3182396;91.93%;13.26868311;5.660445691;55.68596112
58.63445035;73.87945;66.07030214;85.40934592;88.36%;8.523735972;6.657535627;46.86603747
72.06592258;81.99200125;74.32727741;80.92158193;80.92%;6.730020952;9.24868756;45.65480008
63.54226427;94.97963347;52.15938941;86.99152083;91.48%;9.108263418;2.994556364;46.11547597
56.98474089;69.87041955;67.15274845;83.53879225;88.33%;7.621126302;7.142653398;46.10552137
62.99298444;85.02907703;62.97038141;91.44936796;91.82%;8.327624845;5.177217476;49.34011519
70.58768134;97.72956191;65.52489595;105.532999;92.26%;13.10420594;4.191862355;56.19619417
82.47011133;91.06168249;79.04617038;80.97721583;83.15%;9.286235735;10.42195997;46.20104233
57.82244902;87.57444739;58.47469706;105.0063731;93.89%;11.49554635;2.49264068;55.18793539
49.28240532;73.26117984;56.1525992;90.56380494;93.98%;10.70198613;3.577166333;48.21326947
75.81909414;96.73986354;65.54904574;83.84427607;86.59%;10.69030982;6.706983546;46.09448649
75.81763777;93.80622327;72.48858981;94.85402866;86.00%;12.63707512;7.175014145;51.97377096
53.9946898;71.06038977;69.10996439;103.0164209;91.82%;12.03626739;5.378348135;55.40247109
58.05863324;88.61741385;51.50303256;87.6744612;88.61%;8.49787631;2.73959726;46.3542114
73.32128702;91.34878221;73.82844153;100.9040127;89.41%;10.48609808;6.799875672;54.91456967
59.54866675;90.80884027;51.45090683;88.37307094;93.43%;10.3317367;2.659750987;46.69054933
75.57750602;93.01157534;73.72326464;97.0755571;89.60%;11.33989538;7.237601561;53.13638137
55.17046685;86.49360328;53.3389171;97.74042306;94.30%;12.01218464;2.046533523;51.25983353
67.74601472;91.6375497;64.56644008;96.64144836;90.96%;13.23846399;4.977705844;51.95654774
45.59689856;72.66133571;50.08207313;85.80635185;93.49%;7.795930632;2.599913625;45.32860978
67.44507695;79.92431719;75.85361523;96.44351198;85.07%;9.777225917;7.827472174;53.05431365
42.71916699;63.05367671;60.23613724;97.86978275;94.10%;9.259455733;3.744000906;52.03688302
64.55039172;77.5402012;68.21772903;79.52841257;86.51%;6.93363414;7.884789433;44.35486037
58.59993491;80.35275668;64.91190473;100.0853871;92.30%;8.918351528;4.672761919;53.57302873
44.00840433;71.23422173;53.96450957;98.19339232;96.08%;8.055918159;2.131693655;51.50591385
69.82992978;80.80245564;75.54596119;89.37642742;86.31%;8.641531043;8.577833401;49.73106376
75.87424604;98.17334093;62.97347542;80.32080297;87.67%;10.16359244;6.481618486;44.18114029
40.92969212;64.10898443;56.77644391;97.89134072;94.75%;8.603606031;2.873266777;51.67123103
39.04367464;64.4116561;53.63797122;97.05285444;95.53%;9.722376911;2.181633733;50.95012433
39.52294106;63.00221232;56.17813615;98.2514849;95.35%;13.40010975;2.701090251;51.81144532
78.3447468;100.6107036;64.91630837;83.49348486;87.61%;8.083232619;6.594221938;45.85011456
69.25273232;77.01703946;78.18426972;88.46483342;85.82%;7.466929072;9.335081731;49.57907411
55.98916027;70.55757031;67.54625225;89.97243878;89.85%;10.55587668;6.506933973;49.16250766
73.15992294;95.39185618;70.60820989;103.7102902;91.58%;10.23234215;5.680193435;55.87815193
70.94205582;88.36690186;69.18699639;88.50561012;88.68%;7.312244533;7.093194033;48.63918051
74.3468247;95.17543005;69.44462551;95.57710106;85.13%;11.95834343;6.324405463;51.97770549
62.56366033;85.72695272;66.74242277;105.4266775;93.69%;13.2798005;4.499704086;56.27432846
71.02256373;97.66603694;56.37059672;78.47505698;86.48%;7.999718894;5.032012921;42.59744344
56.32252423;80.43705331;56.46268809;85.40130279;89.01%;10.71519964;4.257888641;45.84742625
51.84281267;78.62269003;55.57836672;94.52961898;94.05%;10.24883654;2.974507914;49.99392507
68.19912564;83.57787854;75.91560388;104.1348501;90.31%;14.33391615;6.963882152;56.67078014
65.363477;91.41361044;62.1829167;98.05925965;93.45%;8.412684379;4.230004147;52.33747684
58.82225216;79.96822491;64.96253037;98.45453858;91.98%;10.48016501;4.869002204;52.8268742
60.24630103;83.84548802;57.83665905;84.12251201;91.00%;8.586787219;4.736370072;45.38137716
67.07735966;83.18347805;72.62570969;97.99893571;88.18%;8.419685845;6.837485766;53.42298078
78.70528659;89.52772451;74.87529143;79.04835724;84.18%;6.585929438;9.611625071;44.84510509
48.51926777;68.75520286;60.09201335;91.98448101;92.93%;10.07102866;4.387602157;49.28783427
72.6592258;83.07539037;75.85988222;86.2426995;83.37%;11.92622548;9.014489652;48.32450015
74.82960351;84.20672934;73.64682124;75.25995747;83.45%;7.818001635;9.741972255;42.95816741
76.82045232;89.52401787;78.23239786;95.26442363;87.72%;7.84724641;8.557364587;52.74842527
89.8250946;107.960448;70.16274746;75.93053649;79.15%;7.513918954;8.776098509;42.88795814
72.91962144;81.3989519;77.70286728;85.85597182;84.89%;9.57764533;9.531075416;48.33265662
58.91818298;87.0089423;54.25957846;87.75788544;92.88%;7.123396134;3.432878463;46.68583098
89.59618848;107.5082751;71.10041814;78.18217524;82.86%;8.111925905;8.768491377;44.0472938
56.31519321;81.82812709;54.40171852;83.65493311;92.67%;10.84486191;3.948883626;44.81694428
88.0844004;102.9452035;73.5998798;77.8026752;81.63%;6.544014774;9.418630121;44.12100002
72.73221089;95.30066386;65.98413092;92.53328911;90.56%;12.83159231;5.805958235;50.19410004
86.67179567;106.4308859;73.07199446;91.38398236;83.59%;11.9398687;7.717693693;50.41577996
52.31712493;75.56899845;61.28488944;99.88199942;93.39%;8.053196939;3.778469716;53.08025219
80.72731719;97.46975007;71.90901706;85.39577713;85.97%;7.202188341;8.127367568;47.48055689
69.16083038;82.53947518;69.00869352;78.76403123;85.79%;8.019612443;8.162656296;44.08684144
71.37592777;93.55391405;67.00409545;95.27318013;89.84%;10.0271341;5.741662309;51.56023756
52.61260731;81.88363457;58.6234978;108.7913838;95.87%;9.945873056;2.089351344;56.95436495
69.79833347;93.03589953;59.18584626;77.99918057;85.09%;9.304719061;5.789406922;42.68456345
61.39003358;80.14252376;67.44642066;96.15555284;90.20%;10.81140108;5.759468471;52.02673406
88.88854377;99.51757329;79.71556691;82.64785972;83.87%;9.335675022;10.40528483;47.05416166
58.9053272;86.14858693;61.15416192;104.5016018;95.11%;8.622959485;3.207365651;55.21704661
60.30505662;71.59823494;73.59602289;93.68167342;88.56%;12.62696374;7.582967024;51.54492205
38.69963916;62.98925759;58.8858631;108.6487666;96.11%;12.04368738;2.172136004;56.92888692
66.67732807;87.11846369;64.75830982;88.6710887;90.51%;8.160017201;5.952285495;48.24087559
69.02025724;79.80606649;70.62596985;76.2246291;84.53%;7.741071473;8.867109401;43.07966436
78.49301162;83.31305063;87.64871704;97.83445984;85.44%;8.325623496;10.63978345;54.96588485
54.58469025;75.57805899;57.99716508;82.83510524;91.13%;9.588426119;4.931451234;44.80818274
85.3989345;96.16193034;79.09029664;84.50829851;84.63%;8.865704679;10.03975126;47.8525091
58.47201809;78.56539077;65.96139655;98.50876578;92.39%;9.766987589;5.119356033;52.95774654
74.74169595;89.07530298;69.91418179;78.54319368;83.30%;8.093376622;8.409302805;44.07921461
53.12326339;77.70289829;57.09244472;91.41386804;93.81%;12.22700411;3.70228602;48.71349533
70.78122207;83.72591354;71.94952974;84.21258358;86.89%;7.105612998;8.275217087;46.93424618
87.43461711;97.50220274;81.34018556;86.81034454;84.60%;8.913656371;10.33719314;49.16513993
62.22692758;87.9891858;65.28698344;108.7614149;94.46%;12.37255341;3.751265712;57.66500723
89.22653438;103.2201189;77.0709747;84.24083319;83.93%;10.03023242;9.561340585;47.51690849
58.28604165;90.99615945;49.15629033;87.11451329;94.80%;11.84875578;2.222803395;45.86463672
83.18228105;93.83954824;80.2273317;89.33156442;84.66%;7.838016377;9.753107739;50.20643495
51.55203966;72.46212638;59.46301298;89.23349068;92.50%;7.886730678;4.571512458;47.93750563
73.52206266;93.08126347;64.47661824;79.17482391;84.68%;6.922998851;6.991006036;43.79006874
65.17749035;87.3884933;67.73534426;103.0702838;93.34%;11.61993777;5.039021763;55.28242161
58.85767687;85.25265229;61.28161623;102.5930632;92.49%;11.25053614;3.465123714;54.360637
82.03843538;88.75922676;82.46473975;85.83938818;83.59%;11.87606916;10.72940006;48.85091351
91.53478882;101.1722101;85.45938496;93.3509978;85.17%;10.40060223;10.61389048;52.65927678
35.84940911;59.09334324;58.60654107;107.7088603;96.95%;13.13228368;2.195026073;56.46135852
47.12478487;76.16638745;50.81966929;92.01128201;96.24%;11.18725493;2.072607538;48.31700268
87.21999606;100.1034286;77.48494034;84.15807488;85.02%;11.00950596;9.673607954;47.52821075
78.1655957;92.14352377;76.19426468;91.75112605;87.60%;8.235888994;8.458292902;50.89984018
82.85866539;99.69498437;73.63364894;88.38106913;87.46%;10.39315632;8.211138626;49.07211458
68.83855462;93.46644443;64.71084532;98.02503389;91.29%;9.266126713;4.855296672;52.59269016
67.33342325;84.61175848;65.40663091;81.19072602;87.56%;6.800846231;6.991498195;44.82724481
88.82129749;101.2037804;77.96588563;82.56610534;82.88%;8.149501037;9.964340661;46.81620952
80.77932605;90.73121598;77.61293928;82.25975907;84.36%;10.74942676;9.922324028;46.65600399
49.60114136;71.62501987;57.28859096;88.20126768;89.92%;11.01881345;4.137493888;47.23896792
72.36979728;100.703379;56.79644249;83.26840272;87.74%;9.493017931;4.58814389;44.88364968
58.02995525;70.99714143;75.30689768;105.0002555;91.00%;9.873614792;6.706240626;56.97937655
71.76209321;93.0983334;71.44239072;104.7949872;91.23%;10.61395291;5.755938038;56.4712061
62.01361323;77.4423751;64.16451221;77.50710329;85.49%;7.732525467;7.109038844;42.98697158
67.81157536;91.31863068;65.5764666;98.31645208;91.67%;8.194707906;5.050523506;52.81991511
48.27365578;73.05007746;59.96763848;104.2533095;95.39%;10.29359543;2.941639401;54.98539969
79.81186488;88.81832183;78.10929817;81.8435057;81.48%;8.911058919;10.09592188;46.50512253
67.26875245;89.32224465;68.30030547;102.1385077;88.92%;9.164126468;5.275947875;54.88962153
80.73686688;99.63903101;74.06632138;97.30246277;88.93%;11.62499602;7.283326554;53.27445905
53.48187066;83.52352704;49.57496165;85.41098718;94.48%;10.95602615;2.519040373;45.1092779
66.9879717;89.82464554;63.69125158;92.11645251;90.69%;8.079209701;5.276664783;49.72460211
56.36542823;77.67447859;58.67709312;83.68790265;91.35%;10.88283281;5.009774208;45.28840333
43.56824936;71.46307843;49.74313581;88.92918504;91.17%;8.791976834;2.144759276;46.74712653
50.99082518;71.21396661;62.60333215;96.38197026;90.27%;8.538736945;4.513609395;51.59627674
61.52184161;76.10190523;68.39464216;87.18262179;88.50%;8.067908826;7.045918688;47.94242514
57.9833123;76.04181627;65.87890743;93.00039314;90.40%;7.827850429;5.726636376;50.37079147
48.92681324;75.40905569;52.59554339;87.8546478;90.53%;10.26769481;2.995904859;46.56724911
69.17658629;83.56368601;72.93632402;92.23202715;88.69%;10.25745823;7.591369102;50.78820499
71.34326139;86.55493257;68.83000102;81.24962304;86.07%;8.612403535;7.830272173;45.22750401
55.84770608;79.74535778;56.7029575;85.85259435;89.37%;11.94419528;4.251412538;46.08427211
74.72667309;95.92201455;66.54507332;88.3970737;89.79%;10.32587966;6.422974583;48.31426523
62.34730099;83.34831662;59.82216747;80.62595673;87.29%;9.003264226;5.645004596;43.97307337
73.47183873;90.59229822;71.17641695;91.08275153;88.91%;10.8252251;7.284510649;50.06860005
58.84940146;68.68468954;73.28024038;90.31911846;88.06%;11.40183307;7.910323426;49.94692162
46.86022582;63.37223845;61.69095948;87.49275884;91.28%;8.338418704;5.329890776;47.36888355
83.6172314;94.84167061;80.51987118;91.11370716;84.16%;9.45923142;9.614835029;51.07423821
87.49535379;106.8019704;73.3413577;90.12014175;83.97%;8.636471088;7.927422045;49.83535879
52.4721465;76.03544989;57.30031471;89.59509321;93.05%;8.363074989;3.981572131;47.87386626
50.51243713;80.85048739;50.79948319;92.35095553;92.50%;12.14374475;2.03086976;48.47967351
71.18269012;84.3700178;72.3593277;85.72772612;87.03%;10.23556091;8.211064751;47.70532917
52.0777711;82.15572755;54.43428745;100.0747958;96.48%;13.27973946;2.049213864;52.47014815
78.01392093;94.37021823;75.81439928;97.48992131;89.10%;8.165779571;7.701481585;53.52941304
63.61860604;90.94583154;58.17827575;92.16655622;93.19%;10.591846;3.886227536;49.16997141
70.69261106;86.26058573;75.53856175;101.3075395;89.54%;11.7265778;7.191532162;55.29737574
39.8470201;64.52443869;57.34511604;104.4390633;95.56%;12.38557946;2.260873392;54.80197233
56.94143496;76.52314428;59.75332186;81.45990128;89.54%;8.451839253;5.529968444;44.34981021
78.35352565;86.42791998;78.27844388;81.15633571;82.82%;7.219345983;10.20979683;46.19009278
65.86145346;79.10926904;73.88842625;94.78272781;84.15%;12.23611788;7.540738128;52.09128302
57.04944083;88.57415582;53.10523412;95.66931268;95.44%;8.065822571;2.216418856;50.24297496
48.32711541;73.40150825;55.75166764;93.32348529;93.66%;11.09208442;3.156680571;49.456094
82.33583226;99.88785009;73.69752838;91.12393801;86.21%;12.66043815;7.904732793;50.36630151
68.78470974;73.80232881;82.79875318;94.17232714;86.16%;10.75766684;9.8340403;52.75025839
72.68229897;90.27092987;69.68224266;88.93352109;87.68%;7.284536728;7.162259634;48.88885553
53.99493443;77.7772922;62.84674797;104.2121395;93.92%;11.55373908;3.680025456;55.28788286
96.11863452;108.4134284;78.37375409;76.90300379;80.42%;10.52636898;10.74126182;44.2479418
90.95990817;104.3491505;78.27688276;84.12575079;81.72%;9.383500882;9.873458791;47.58746856
55.12080366;81.87325051;54.86935522;89.49007214;92.92%;10.56311579;3.387836042;47.5786677
57.47799761;84.53430625;58.97277849;99.45471395;92.70%;12.97710201;3.242975894;52.66032697
52.14124299;80.70440793;53.04526387;92.04341504;95.44%;12.01958638;2.62215546;48.57381207
47.65693056;73.46317591;52.59365995;87.27845499;93.03%;7.397613925;3.051870502;46.27753178
71.97504003;93.88434476;61.98851252;80.29977721;88.00%;10.46265637;6.231756816;44.06510697
52.98292572;76.60311146;55.34005497;84.07408399;92.73%;11.09190554;4.125652941;45.1098591
37.70970042;59.31037744;56.8815464;96.66828085;94.90%;12.83837878;3.04564516;51.14067875
76.77747022;100.1467781;63.51845827;84.18415205;88.22%;10.25875496;6.173980694;46.03864096
44.81413689;67.63500634;58.00385631;96.55733723;94.05%;10.18713377;3.347272995;51.19694513
86.31730675;96.51099878;78.22332881;79.60261035;83.19%;10.87831537;10.38113159;45.48545682
92.07391123;102.9459378;84.02549626;92.21846273;84.44%;7.89360706;10.37089614;51.95733333
66.53792709;73.68810641;75.07860334;80.78491418;84.21%;11.0958154;9.450185516;45.6967192
55.80652875;85.58422715;51.65184091;88.26235758;95.18%;7.586634887;2.708415406;46.63805651
74.1986436;96.98283272;64.49341506;87.6760841;88.13%;11.64469592;6.014469195;47.77606617
59.21302637;75.49919909;69.09682474;96.03834216;90.11%;12.92785663;6.182201724;52.16001318
76.54857985;96.38452964;66.95510532;83.89680807;86.67%;8.431569345;7.045932215;46.25321914
40.70524604;66.24511147;57.66481323;106.9118491;96.51%;11.03510843;2.060634446;55.9810582
43.71750709;66.73709227;60.57072417;105.2282522;94.18%;11.73743986;2.988842951;55.51605952
40.78134564;61.57075135;61.75305138;105.0923432;94.37%;12.57992035;3.295120803;55.58226547
78.23778512;86.62895058;77.36450803;79.63357119;79.74%;8.301993769;10.17430209;45.39749525
83.82080976;91.32514342;81.67212389;84.00726418;83.56%;10.82474159;10.74177167;47.90686638
92.96112824;102.7949813;85.63188865;92.99411963;84.24%;9.251613552;10.67618968;52.49541194
62.62440939;79.2654093;68.32756296;91.78139293;86.55%;8.280690367;6.478729003;50.06804834
63.8044515;76.50741914;69.26071484;82.38549785;87.15%;10.69972315;7.818261624;45.81948145
89.54710878;101.1369825;76.58373584;75.8673041;81.72%;9.50973673;10.40431092;43.56447901
62.50475209;83.38747548;65.86400109;96.68402281;91.27%;11.22515069;5.307845597;52.10784735
80.20177593;96.42931298;73.91190092;89.93572601;87.83%;7.297721011;8.091424363;49.8026863
57.46561639;74.8900629;64.09398623;86.85063417;90.20%;7.197812318;6.008411375;47.32209965
50.72801921;78.33539169;49.4284775;80.7746966;89.69%;8.28044369;3.021515849;42.9219722
46.26128491;66.35236562;60.63557286;95.16270173;92.55%;9.226508289;4.16584973;50.82384702
89.74350872;102.225632;79.89473881;87.46302487;84.94%;7.638246717;9.901898915;49.30712232
67.53563422;87.08906559;69.53793897;98.68029604;91.22%;11.85884549;6.002014351;53.43643985
68.40297854;86.82887849;68.60550459;91.99531377;87.97%;7.552856142;6.523235565;50.19288855
87.66616153;102.634064;80.42416392;97.53500903;86.83%;9.334780907;8.848417769;54.05069458
81.33928348;89.64155113;84.80142811;97.07431691;85.20%;10.37819292;9.996555736;54.31139154
68.71243553;78.54507045;78.17919373;94.53704245;87.55%;9.465174029;8.647190344;52.42209848
59.42301429;74.78480613;65.19396566;82.49635272;87.25%;8.665269172;6.789767165;45.42403564
79.22957508;88.3829756;83.28556199;97.08436449;85.16%;7.95104262;9.634136397;54.1469254
69.80359596;85.90386772;72.59680432;95.39491898;89.56%;9.668938381;7.143703268;52.22111874
83.1494367;92.36219488;83.47737919;94.18033335;83.82%;11.80026995;10.01872161;52.8396656
72.24129077;95.32857491;65.54518456;92.94371236;88.25%;11.98095211;5.65799322;50.33694606
67.33481763;83.21598931;67.04757375;81.98925438;86.99%;10.97617148;7.302934871;45.39649745
62.69719129;84.71018483;63.16796752;92.05068235;86.08%;7.577105353;5.157749628;49.63683821
66.71309021;86.50175365;70.62179189;102.9149443;91.27%;10.71278475;5.782247207;55.51531115
81.52328629;99.4143014;72.0070591;88.16120119;86.21%;11.26741758;7.828798818;48.8004221
64.71708213;72.38967101;79.7867039;96.85538106;87.63%;13.27456835;8.771890707;53.69154018
78.19785;91.65388835;77.17406746;93.32748818;87.62%;12.64630423;8.535008296;51.77037752
63.98849504;88.45356792;66.50597149;106.8979765;93.93%;9.464242018;4.286845896;56.91782004
81.15954515;97.96629983;77.39766589;100.2114003;89.29%;9.336068989;7.774488619;54.96852394
55.88117142;75.37964383;62.72220737;90.19841122;91.47%;7.830092294;5.274258095;48.73477341
85.04781183;98.33068445;76.71610136;85.08339271;84.95%;9.575436015;9.361115166;47.86217584
61.74253319;85.50427945;59.35211679;87.34313256;92.08%;9.058939808;4.744064606;47.0453049
48.63387029;74.2613287;58.38385389;101.8710666;94.45%;11.46423657;2.831369802;53.71888826
36.82988522;59.71765685;51.2500297;85.63100893;94.02%;11.40069206;2.908828116;45.39208469
81.39119289;94.38877928;75.80267663;85.20019753;85.84%;11.20394257;9.132000125;47.83388823
84.85185488;94.52651455;79.39679801;82.73261879;82.78%;7.254289977;10.32050136;47.04909928
54.16542743;69.16990136;65.34158268;86.94753885;89.16%;9.153167406;6.292335017;47.50519712
71.76218947;79.79097957;77.82747354;85.84471985;84.49%;10.86384651;9.547345793;48.34148224
67.28982332;89.5699999;61.40943717;84.05361435;90.28%;9.063498205;5.661304107;45.74480572
53.29566893;68.08312211;65.19923677;86.53646786;89.82%;10.97325218;6.316833708;47.31492421
65.79552218;76.42056995;77.47790893;97.46768768;86.67%;8.552821293;8.129113536;53.70338274
61.03516827;84.69422633;65.47450855;104.7081383;93.35%;13.70614717;4.285149872;55.81512266
73.92331209;94.43425767;72.49280223;103.5445272;91.50%;12.06477418;6.17296204;56.01473355
67.61875619;80.53986581;68.5012138;77.59872136;85.88%;7.467942347;8.17395618;43.48855004
69.05674299;92.64652747;60.15634144;82.3091111;90.27%;6.675612346;5.541631464;44.78136266
47.41818673;71.89382124;60.88327067;106.6457256;95.59%;9.262246429;2.904087575;56.19467985
63.86753129;86.14492742;58.92358966;80.17146913;87.43%;7.799533546;5.480231264;43.66140713
66.31204068;89.88303388;67.72950362;105.6750926;92.44%;9.81506653;4.738454203;56.48380364
77.41188307;96.49634849;68.118986;84.15073368;85.97%;7.081906589;7.322206064;46.49419322
77.61393199;86.1031738;80.1461892;88.14609773;81.42%;7.659263299;9.866377114;49.64365168
66.37739254;78.84995306;74.16836659;93.00954703;87.78%;12.73255774;7.806663115;51.29535957
63.66132353;80.59643785;71.83854179;101.2206167;91.14%;10.77037565;6.268741566;54.85180456
61.95006121;90.51122861;58.46738212;97.96050047;94.21%;10.65454071;3.306185533;51.9044135
61.9946386;84.27895609;59.52255125;83.62108738;91.05%;8.682397352;5.222024744;45.33179596
68.63839555;92.53096197;65.80456676;99.36427217;91.75%;12.70216905;4.965131341;53.34955105
54.37624356;73.45620455;63.4760678;92.6901868;91.88%;11.03283452;5.157311575;49.98639886
53.0872688;77.9622746;57.10244351;92.00490152;88.65%;8.431196448;3.649697857;48.97261475
87.83069871;99.59168808;77.83054965;81.37021669;83.62%;7.267680937;10.07173951;46.24136034
66.34195494;83.91589104;63.61781318;77.96036408;83.64%;9.114289982;6.907192318;43.14208393
56.13961417;71.60506297;63.69603448;81.81527378;89.25%;10.10902686;6.480097268;44.94944599
68.49764264;80.69189525;72.05128229;84.38756191;83.01%;7.191300475;8.280290589;47.02699995
55.82808307;79.94789271;64.53741348;107.9944867;93.88%;10.97781311;3.647241224;57.21738381
61.68973185;92.93683185;58.22043439;104.7936069;95.04%;8.749710266;2.445336201;55.04181213
68.72071099;89.69466431;62.42258148;81.70579092;89.12%;8.138798497;6.175499832;44.7509317
51.59803288;80.1909039;53.45366637;93.77450962;94.58%;11.26295913;2.532736541;49.42210333
60.08957615;76.66518718;68.36416532;93.9821683;90.62%;11.70665466;6.230952505;51.11519633
78.92097272;98.52611046;68.16631701;84.74373149;87.45%;11.72752039;7.259124407;46.80008129
68.42144769;96.55210447;58.09296879;90.01569932;93.05%;9.357955708;4.136971554;48.16283617
54.09397109;72.46847105;66.35487508;99.06501501;91.87%;12.91964351;5.155171256;53.27817655
66.15387827;89.39980426;65.11681353;98.02442173;92.53%;13.12621113;4.964695369;52.66220681
63.88798663;78.86269674;68.30069478;85.89080881;88.47%;8.178778396;7.1606635;47.32725526
65.39567679;74.86616155;75.48850057;89.33284702;86.68%;10.7010913;8.577210139;49.72062675
43.43388871;66.81473846;60.33359623;105.9372152;95.63%;14.13882498;2.846178269;55.83420621
77.07336267;82.29217303;84.11819393;90.60377921;84.76%;12.43768014;10.58421736;51.24456123
68.07200888;89.01104267;62.32454499;82.04647706;87.23%;7.789682196;6.100742668;44.89221123
69.21256281;93.03036763;60.21724033;82.93397123;87.82%;7.188598521;5.478798488;45.07915906
59.90916627;73.85298923;69.54981968;90.19896311;89.21%;8.920808315;6.989315216;49.47593168
76.32843287;86.8021532;75.66811422;82.53621048;83.72%;7.016264121;9.413054055;46.55801683
51.5921088;73.2554908;59.18303484;90.46736829;90.10%;7.758903011;4.34786215;48.47611859
63.13276701;79.23950647;70.23090799;94.97926792;89.23%;9.668763113;6.600342188;51.77449562
75.26413569;100.6903967;59.89093313;80.8321536;85.26%;8.159503036;5.646976353;44.07503778
53.00317987;82.10750555;51.29903212;88.2161759;95.17%;12.15018805;2.640277936;46.61227466
63.85800599;95.81679195;52.04589177;87.94319977;93.77%;8.310215158;2.852427542;46.53974138
88.35278669;98.62128813;83.61708188;92.85857852;83.82%;10.4517502;10.19872066;52.22833808
47.63498421;74.54179769;50.87143178;85.48141785;92.69%;8.213183284;2.838141409;45.26584182
78.81185418;84.13250266;84.67348594;90.89076793;84.36%;8.69816961;10.68469268;51.41305755
71.75935731;86.69154284;74.28394403;95.05756263;88.95%;8.877831611;7.610944123;52.24282678
60.70742861;80.59440276;66.25734105;96.73422454;91.86%;9.963439043;5.393281463;52.16275813
61.81372466;83.50135427;58.68878539;79.84419054;87.86%;6.637355938;5.445792629;43.47127596
80.32003157;97.81363031;73.74810816;92.83256279;88.59%;8.920954068;7.731918437;51.14956083
69.85768543;82.98123341;76.02340198;96.7391962;86.63%;12.62352978;7.845045263;53.23099517
49.09071182;75.84038836;54.95179184;95.32221117;94.30%;13.13425469;2.715200539;50.30805508
76.85622442;84.95989686;76.96931473;79.06977731;80.40%;9.295166307;10.12433183;45.09179533
46.38131503;64.53367115;62.84698235;95.76957068;92.83%;8.743819526;4.654083814;51.34242015
63.58958845;79.57954676;72.01259725;99.25716723;90.61%;12.60485187;6.550852649;53.97283754
50.0331084;72.95727934;62.2105873;103.7392081;94.65%;14.38204014;3.55812197;55.00907989
78.54839704;96.76888183;68.29091993;81.64931584;87.16%;11.1578211;7.663774724;45.37710568
81.61469417;93.31399716;73.43940347;74.94895626;82.85%;9.249588093;9.732077052;42.8023657
64.17292029;78.87747744;66.22009149;79.22556553;85.57%;7.242636486;7.406393324;43.99596173
48.98820996;68.36260908;63.03925144;97.13952732;93.22%;10.56359598;4.542352305;52.01059666
49.23434346;68.84966666;58.09767282;84.0755133;91.71%;10.04186345;4.810722478;45.39768591
62.9417762;77.25348258;74.37663176;101.7848005;90.47%;12.17807441;6.834574433;55.39288678
76.37192381;81.92925358;83.99975273;91.85605256;85.11%;7.734522915;10.40740538;51.78546977
77.88200788;82.99280363;85.68236509;93.81921979;85.28%;9.868364459;10.60744351;52.89437496
55.29475536;84.87795235;55.99274155;99.9718544;95.84%;10.46265847;2.447390158;52.57088837
55.82332927;82.32953789;56.86594477;93.35624439;87.86%;9.073778748;3.424177761;49.57547837
77.35870825;96.0585909;66.48495777;79.06738715;87.23%;9.690127047;7.503143642;43.97053567
58.41547588;80.22774535;67.21206657;106.7938099;93.67%;14.1210581;4.462832751;56.96727763
86.36043273;102.9054599;73.58047392;84.10469192;82.28%;11.03092537;8.684189661;47.07719403
86.50229596;103.2648312;71.53059752;79.2402246;85.52%;10.65997207;8.736442782;44.59337076
57.07896526;79.34230234;64.06182339;100.4920307;93.10%;11.01991266;4.417351236;53.68549469
52.15146264;77.23258006;59.04110411;98.97717959;95.54%;11.39314085;3.322368508;52.43908007
77.79978657;92.53761728;74.23766451;88.89202633;84.98%;8.087907115;8.310369508;49.36389488
50.69834221;75.08493984;61.52726883;105.1128819;93.60%;9.917854715;3.230518969;55.5493266
66.58650002;79.21965633;77.83880213;103.2258883;89.78%;9.02054414;7.555676659;56.4246636
47.26750065;75.53517302;53.6610098;97.36483814;92.63%;12.60367667;2.169784462;51.12279643
52.79735515;81.92426148;59.64428551;111.1547269;96.63%;14.84036295;2.071763688;58.19250314
46.48154537;66.35290065;63.8261507;103.0222256;93.83%;9.47415136;4.052064265;54.82229714
36.04484641;61.01814465;51.28767281;92.11428896;95.72%;7.75126561;2.184702183;48.39757097
57.55495616;82.04190305;56.14806799;84.32644389;89.82%;8.598368786;4.308059712;45.30302321
47.15415496;74.08148726;57.56084588;104.5214076;96.32%;8.645774257;2.306597344;54.84167214
84.12984385;101.5293035;71.80079662;83.60176451;82.89%;7.217744989;8.298718973;46.63055557
66.53950689;73.89853291;78.19254025;89.98392321;86.48%;8.538897323;9.166469975;50.29521863
72.64504038;85.19910192;77.05127627;95.28352319;86.68%;10.12461955;8.266835819;52.64741105
47.87379987;76.14316765;51.13645709;89.89768754;93.78%;11.25365043;2.396126557;47.3679532
62.89184763;80.48920489;69.87296567;98.41893798;91.13%;9.294468107;6.112688706;53.33403017
51.53558679;82.63486793;48.91019055;88.24080454;96.35%;10.22025464;2.038790084;46.35590872
67.63692832;99.04234826;52.29022513;83.32947734;91.76%;6.801708672;3.438222497;44.40667755
68.29251067;83.3754536;72.90534928;94.55825467;85.40%;7.821916078;7.313998561;51.85236871
49.13676288;77.12006954;52.5792712;91.98737662;95.50%;10.34521822;2.501715965;48.48343185
74.07521844;90.71482791;72.98198678;94.05891473;89.11%;9.356439811;7.391709718;51.63773787
78.77539553;91.05421042;72.10731136;75.31306579;83.49%;6.618909038;9.354546458;42.8124749
48.47688721;74.24033525;53.44177437;88.93745225;94.60%;10.898178;3.076891526;47.16305564
56.60230165;79.1777027;64.20508773;102.1479094;88.92%;14.00072706;4.246497192;54.48244415
55.81136469;78.65838182;57.84091722;86.26507221;92.28%;9.673618096;4.491043963;46.3856843
78.32784508;84.94243579;84.41740875;94.28366676;85.13%;12.24789887;10.22543666;52.98403592
55.16389928;75.03101266;67.25193549;104.5056611;93.04%;11.60866212;4.750652043;55.89773763
77.33811795;97.44945708;70.17684618;93.04604731;89.61%;11.35917793;6.808099823;50.8783827
71.68649478;85.35520341;71.21597247;83.27474804;86.31%;10.55835119;8.198067802;46.43901168
56.37552881;85.66016009;51.59424472;86.05272057;94.32%;8.5843059;2.943961808;45.60744012
80.03036099;93.65794841;80.77060766;101.7902436;89.45%;9.588557824;8.444157642;56.06948934
78.26793868;95.86170949;74.70279657;97.54326904;86.28%;9.797528893;7.420545233;53.44629318
46.90308761;69.48311427;59.9709423;99.49780016;92.25%;10.28562262;3.506601365;52.77936259
78.08811735;85.918236;79.35236732;83.74418714;84.27%;9.796199631;10.17921327;47.52443329
57.84882238;81.68392858;58.26404835;88.03996466;92.52%;8.254863554;4.401899737;47.25269932
68.55851378;75.01236053;81.32735106;94.30225847;86.33%;11.98883107;9.455003054;52.66216715
41.57374879;66.82846742;57.20667147;103.9568101;93.08%;9.818975986;2.277536039;54.54558481
67.16533835;85.38962011;72.59062172;103.6068859;91.43%;8.426104424;6.185001723;56.03032788
60.92719414;71.62971108;77.79385431;102.9842379;89.89%;8.760068076;7.553343846;56.29772559
87.57252827;102.7836469;72.4522116;76.31632103;83.32%;10.60191519;9.327208229;43.34090543
45.78547904;67.38950851;56.39522248;87.74746702;91.73%;7.11391431;3.961085628;46.90658984
70.54762979;81.9864244;76.490143;92.62555284;82.99%;9.300460599;8.447937797;51.35185689
87.17067146;100.6765301;76.85391033;84.15583452;85.12%;11.47474842;9.50679211;47.45840379
80.39778966;90.87020642;79.47729198;89.20472933;85.14%;8.655346587;9.590043956;50.0761848
77.40710274;89.43759065;80.55833419;99.15602098;85.98%;11.65505091;8.689369295;54.83082136
45.232528;66.76634183;62.33544827;104.5439167;93.54%;9.02439249;3.496128682;55.36486481
82.62851439;95.36795155;79.92411301;94.37880457;83.17%;8.39587391;9.098743504;52.52763061
62.43347183;82.33716249;62.6942221;85.21673629;87.50%;8.368488096;5.840958742;46.41631537
64.10864975;90.22318733;60.29174756;94.27482571;93.01%;8.961595595;4.183828616;50.37293403
53.10922702;77.12508763;60.81521196;100.071144;94.42%;9.155404433;3.633704254;53.12218939
63.31287866;75.15290697;68.94463786;79.86078842;86.38%;9.692691908;8.029699525;44.60442462
80.05895564;93.40183434;80.93959356;101.371649;88.25%;8.387848065;8.542937985;55.88916761
46.81381485;63.74322309;63.71269551;94.36396538;91.01%;8.479396644;5.032976429;50.7795488
68.12389959;82.33475287;71.12512776;87.61493472;87.85%;7.23798874;7.663068221;48.4242813
56.40883306;70.22452636;71.53073087;98.65696073;90.99%;12.08583693;6.499969873;53.63900371
54.2663727;78.182732;61.66391217;101.037918;94.76%;10.16112666;3.746755123;53.67423085
61.24876685;85.2002078;58.46069762;85.93269053;87.02%;9.799892383;4.68625935;46.29893583
73.53031164;99.35429143;60.65908161;85.94500678;86.93%;9.727828629;5.249092441;46.54584426
79.97893979;98.26065366;71.77025603;89.8495557;87.49%;12.51336542;7.573866767;49.56776159
80.93335267;91.73013751;75.32384535;78.18464146;83.88%;10.70359985;9.825497754;44.51659624
69.07924595;89.47979094;68.19784334;95.76292593;91.06%;8.773712654;6.003417992;51.91695584
71.71406728;88.11199287;69.26833247;85.27727923;88.09%;8.214823693;7.468477137;47.14345949
52.57412931;74.96948421;61.19243785;97.14658415;93.66%;9.369078897;4.087122;51.81219122
53.34750001;79.56881626;56.31618443;93.40984357;91.62%;8.682928977;3.283264248;49.54040507
81.59477198;99.09031356;69.50263869;79.95468702;85.28%;8.667621092;8.16190401;44.70326698
64.17272838;76.16479604;77.31655574;102.2343713;90.43%;9.527269545;7.532002048;55.90715972
81.90691595;94.13454738;79.75073666;93.23849176;83.67%;8.893073646;9.196247148;51.9853644
89.72823693;100.3835804;80.93992696;85.34683221;83.04%;8.329816488;10.4032444;48.43660194
39.00315148;63.91149852;54.78827209;98.73658534;95.67%;10.23773751;2.292685792;51.86744917
54.84583925;83.66516782;56.37030673;99.42418629;96.27%;12.53935264;2.605498015;52.36903983
65.26748238;74.72251174;78.23409621;96.97514169;88.07%;10.88546862;8.372396092;53.56789929
62.28585675;77.71968327;67.92300769;87.57108274;89.24%;8.355606961;6.871250153;48.06930654
44.73203638;72.84075739;52.10054498;95.19169149;96.42%;12.00746958;2.029608668;49.94059454
60.2207397;74.87733783;67.83571416;87.15936144;86.60%;7.525305332;6.902429926;47.86578219
67.0827775;81.17579813;73.54833635;95.13726129;88.98%;10.31362519;7.407502503;52.20529059
85.56330703;97.86651324;81.1596626;94.28371599;85.62%;11.27878578;9.423796228;52.63503309
46.86501413;65.91716684;65.78497435;105.8367323;93.35%;13.22823826;4.231646064;56.37031871
45.16168554;67.14003863;57.61446441;92.89924393;92.74%;10.28489567;3.677759236;49.45602843
86.43734615;96.15648761;77.70129655;76.68080963;82.13%;8.482133711;10.59330825;44.05804397
83.88463034;93.85097482;75.73491836;74.24034905;81.93%;6.677182909;10.3851854;42.70195505
49.07580524;77.76608725;55.88105954;102.9558527;96.46%;10.94523296;2.075482453;53.95052673
90.01869014;100.0909076;79.87978131;80.42852852;82.67%;7.962600836;10.69085872;46.0258662
67.46001891;80.65942053;75.38284132;97.28427086;88.81%;12.18434431;7.62878046;53.41634605
68.05807228;78.72708682;79.50040175;101.1394796;88.76%;12.89816954;8.216868687;55.65688635
72.9847267;91.18518332;71.60170615;95.54593381;89.92%;9.682361661;6.876484934;52.18451022
61.30032511;79.49994243;65.76059268;90.32435468;89.74%;12.23591081;6.014209069;49.14267695
61.63552903;86.93238425;60.6559328;95.29262258;92.72%;9.929293524;4.169471728;50.89645682
62.31510764;91.54972455;58.0224872;98.22200996;91.76%;12.23410838;3.153251067;51.98294351
70.04219136;81.49408507;70.142721;75.7260612;82.68%;10.0458262;8.810954386;42.81269741
54.69320009;86.07039631;49.6747944;88.26767644;94.26%;9.30754615;2.224702317;46.44391469
83.63726402;99.38278255;72.29645897;81.053041;85.59%;8.340517182;8.734937171;45.5120608
70.66583065;76.43077802;76.0291339;75.70932582;80.84%;8.99210265;10.29427439;43.43296456
58.77007014;69.5234496;75.17029419;98.06185188;88.94%;11.81881293;7.465485685;53.74450918
59.66021307;73.22375949;68.53775512;86.77109002;88.02%;9.097894224;7.125892944;47.77095946
36.74899363;62.43314171;49.32834827;87.93914615;96.37%;10.77090154;2.15937421;46.25554716
60.60100509;90.53800046;56.29538733;97.04074055;93.01%;8.964077007;2.870891304;51.23451148
73.18407273;89.2948969;73.44213442;94.46541119;85.42%;10.31599633;7.472773382;51.88741028
81.65249556;87.54641384;86.99038084;96.2038407;85.52%;8.449319794;10.65541495;54.13395095
55.18195802;83.61141781;52.2974196;86.77129665;90.76%;7.325955027;3.054537316;46.01718678
63.79232551;89.80379148;64.45233527;105.7552022;94.24%;11.81788495;3.893145854;56.17500835
70.77892084;93.68364709;67.53615567;99.19431743;91.16%;10.03444688;5.419028759;53.4405401
57.77827732;73.00443863;64.50701961;81.65384079;86.62%;6.662027564;6.705953447;44.94253802
49.15519823;78.00304793;51.24385653;90.53186693;95.05%;8.127102819;2.346823268;47.65467651
43.40877634;66.65353747;55.21566601;91.57073486;94.16%;12.44324159;3.23048151;48.59350797
54.98602119;83.47672399;53.57241257;90.41268083;91.32%;8.348358908;2.936562777;47.84716354
68.55862562;87.76278876;69.33139955;96.22587475;90.81%;9.279211424;6.217827575;52.25007771
39.68943922;63.9870665;54.50849557;95.89645597;95.38%;10.46682375;2.555019996;50.51918667
56.98867233;74.27668017;69.41509775;101.6336765;91.99%;8.279349991;5.617878631;54.77090337
39.82509584;65.86451294;49.51719846;86.8029157;94.58%;8.615356452;2.339591758;45.73500279
56.05387978;70.68382029;65.31960815;84.05499265;89.01%;9.531003296;6.629630323;46.16293108
50.78215081;70.10948218;63.56315661;97.01210792;91.33%;11.71128409;4.697723635;52.01836891
81.92750061;95.4304835;78.22014529;92.85437086;86.81%;9.999672553;8.83488288;51.63949159
41.40082965;67.3996332;53.52561925;96.26603074;95.03%;7.884827915;2.260043069;50.56774186
58.2783431;79.12707442;64.43348655;96.39622853;87.88%;8.679650894;4.970811457;51.80023184
62.67047911;88.94165156;60.59238253;97.04086831;93.15%;13.37300049;3.929144205;51.71396293
81.46003575;97.30432094;78.09081034;99.2043816;87.91%;11.92222708;8.069799548;54.59200398
94.47365298;105.0123371;84.26327787;89.68033397;83.93%;11.18262782;10.74013807;50.82851331
57.40786926;87.97736006;57.76162168;105.6678264;94.15%;11.99056798;2.225871844;55.41714158
60.41819494;91.71120863;53.046672;91.9525632;95.43%;10.43934898;2.631688567;48.52171527
82.82448835;95.81058446;79.97248611;95.26140131;86.84%;12.42003706;9.012276498;52.96888056
58.20489927;76.66733303;60.82391506;80.22185638;87.89%;7.175139505;5.954643279;43.88676886
83.07718319;101.2724644;75.39081455;96.60885537;84.49%;8.815889963;7.698557766;53.07850197
54.65241251;69.75548937;69.46577479;97.93447573;91.01%;11.57936317;6.051766097;53.0721681
57.67634319;74.83659731;65.03452173;88.57400335;89.70%;10.73327016;6.032332585;48.24049306
86.14762295;95.31010692;82.56722083;88.78741983;84.29%;7.483941909;10.40217372;50.20215519
68.45101688;80.60803115;69.39786594;77.16483084;85.61%;8.629235024;8.462500705;43.39567188
81.8931453;95.22488324;73.99671824;80.5508685;84.19%;7.832414209;9.207205746;45.4527739
62.49270167;87.56852975;65.3941011;106.8680895;93.93%;9.219495493;4.00132924;56.77872349
73.69449646;88.52412001;72.0477597;86.94456294;86.47%;8.102975754;7.985500953;48.22241654
72.52842772;85.43197624;69.51893513;75.74893108;82.98%;6.474865233;8.638966192;42.72957206
85.45353428;97.46673922;74.27992939;74.50985483;80.41%;7.212403433;9.979838983;42.67030144
59.2307579;79.74709355;64.10609042;93.79286306;88.98%;9.023326686;5.199387517;50.56006794
77.99334102;88.81897195;75.39199525;81.23798199;84.31%;10.75275737;9.474467782;45.93829039
68.05783184;81.9289068;73.59512201;93.82845014;88.89%;9.250421262;7.575882225;51.59734166
47.93982535;65.33318;67.44411095;104.7641412;91.15%;11.78546125;4.75130548;56.03212251
52.37171681;70.97856949;65.58307755;99.09124179;91.55%;11.47640894;4.951193776;53.1957344
60.85944031;85.82151447;56.30913051;82.98703756;92.13%;6.934003918;4.499850797;44.6857786
68.02561636;96.01080205;56.9623412;86.73215125;90.86%;10.72052471;4.212033585;46.51288531
75.57286793;82.43942635;79.16579364;83.10701187;83.94%;10.01235686;10.2240247;47.2169204
63.50782659;87.35927465;61.36781357;91.8903698;92.43%;12.69246362;4.718582638;49.39672047
83.3244238;95.77861562;74.93962314;79.52981057;83.28%;7.096999888;9.559497851;45.07365559
87.10607353;96.6270525;85.84905976;97.97340444;86.08%;7.920852169;10.16964479;54.83368728
77.30855897;98.87910812;65.35763227;83.69139838;88.85%;8.463831992;6.686669767;45.99384314
59.39044607;68.95809003;78.03025034;101.9073814;89.16%;8.807010117;7.736342665;55.82205146
61.31211181;92.57284884;55.9178613;98.91399483;94.81%;11.12824082;2.555413307;52.07656884
74.10167184;78.80012487;83.49830829;90.09732218;81.11%;9.31806939;10.47663122;50.91922706
42.66309076;64.88828327;55.44826647;89.96459625;94.09%;7.276695211;3.477082238;47.84158104
53.58124878;69.07885853;67.81901473;95.64160981;90.95%;9.997924946;5.919633407;51.82592068
55.26379045;72.73610654;64.34145177;89.888645;90.77%;7.575414163;5.713450056;48.76185999
59.16209162;88.63828211;56.42556832;97.56070191;95.32%;12.41058287;2.844348021;51.51131293
84.89768807;101.2036509;75.87247549;91.23219932;84.14%;12.66979376;8.432911864;50.6482478
82.75619434;90.85942528;81.98565028;87.37160023;80.79%;8.780816728;10.41334562;49.48586393
52.72276898;82.39477086;48.77274454;82.53228868;90.30%;7.481428441;2.663617504;43.66868793
52.17804785;82.63912132;52.93939693;97.00705172;94.06%;10.74654367;2.031784364;50.86847893
69.7719058;89.89146334;69.37330908;97.69768247;89.39%;10.34214697;6.07064502;52.95099561
57.69198506;83.86158177;58.36181611;95.24750529;93.34%;12.02769419;3.585963803;50.63587016
57.14848732;81.27285339;63.20442811;103.07547;93.99%;8.416197262;3.902996315;54.77957657
74.43648665;85.25721339;72.50693831;76.54570518;84.34%;7.794847098;9.296203261;43.42898959
72.65110721;95.20975619;69.33594364;101.7165791;91.99%;12.76758277;5.591742185;54.82910356
65.9096645;91.64342785;60.03988144;90.97542176;92.71%;10.3578589;4.4924809;48.81503327
59.62197319;70.60262476;75.29846769;98.08968589;90.31%;9.888993226;7.517989567;53.76982701
74.29101601;89.63564557;69.64039155;81.26923685;86.10%;10.47423778;8.02894724;45.33375573
74.35649595;80.60174927;78.43684015;80.37838713;83.59%;10.19390004;10.33327772;45.86022221
64.27738101;93.40867776;57.96095319;95.94494914;94.39%;9.003641383;3.4114836;50.90216687
56.03058156;81.12232263;61.71022767;102.8117793;92.75%;11.97476887;3.548517069;54.51324268
60.31103479;89.24043583;58.08068876;99.52412818;94.76%;11.2435117;3.033187194;52.59590122
53.44081818;73.09224634;66.59341528;103.7012069;93.12%;11.63578971;4.675356939;55.45156268
90.7789466;104.1872958;77.87950314;83.46816039;84.33%;7.494261319;9.851289792;47.22823476
53.29941902;75.45071407;56.89015526;83.95536311;92.05%;11.69715981;4.53737557;45.22864808
57.22177234;67.24964079;77.05446;102.5140878;89.86%;9.350662738;7.431339432;56.00698923
36.94337764;62.96318349;49.81850116;90.11939114;93.98%;11.5211597;2.047253552;47.33428894
48.96925815;69.1880403;59.25205792;88.98976872;92.50%;8.714159462;4.543811093;47.80511266
54.50977549;70.17776367;63.18828653;82.61173688;89.39%;11.2244401;6.252489919;45.26860384
43.59626067;66.00704526;57.11749229;94.25512865;93.79%;9.812764437;3.38731683;50.02679758
69.92945831;92.31343603;65.3587401;92.54354267;90.49%;9.082255262;5.649660856;50.11013133
67.19027304;91.01271245;65.03002662;98.34563965;92.60%;11.83949566;4.907467594;52.79538078
78.36502788;88.26769782;80.39704043;91.78192999;83.91%;7.432897599;9.507884641;51.36034874
78.20858891;97.10765239;66.6221356;78.76952592;82.89%;10.37326172;7.56944358;43.84966801
48.23518154;69.17476118;60.75948811;96.03091146;93.10%;11.01074449;4.090497398;51.2491166
81.56200043;97.16300877;75.96134959;92.62081916;84.10%;11.71682274;8.31266174;51.30587921
57.49215054;70.16661532;70.41804848;91.22470962;89.36%;7.454934705;7.07110099;50.03022851
50.86795254;67.78112218;60.50463609;81.74597643;90.53%;7.83633985;5.687540441;44.56087599
89.74928438;98.94409321;84.03367577;89.71257025;83.94%;8.545952207;10.66265583;50.79623664
55.90154684;76.14541762;60.5812632;86.3388735;89.94%;7.474096109;5.17436129;46.70317849
63.78342063;83.78674642;69.2373018;102.5179325;92.18%;12.41264503;5.484168535;55.19343267
65.69367263;72.55930379;78.67786246;90.52720616;86.21%;8.620415078;9.227450852;50.60146644
71.13563662;91.04299714;64.5166361;82.54900043;88.45%;9.225044242;6.609476782;45.37727038
72.07582244;80.7206207;76.11380707;82.59303083;85.02%;9.685711739;9.501459522;46.64100936
54.40039567;81.93787219;52.60962904;85.86574366;94.21%;8.201274949;3.242633568;45.63680498
74.23196615;92.25591873;66.31732245;79.24102326;84.28%;9.474823399;7.444903455;44.03369572
69.49148021;87.84735133;69.4734934;93.34552423;89.92%;12.45617421;6.587663635;50.94468746
38.92335949;64.23822565;54.27114654;98.62705275;96.33%;10.57989026;2.162249125;51.75724927
61.00141404;86.99478428;59.83844196;95.7962293;93.34%;11.61490423;3.888142065;51.04525979
57.54284508;70.62172005;75.0519671;105.0198144;91.01%;9.255928354;6.643260939;56.95879963
91.33276187;101.7747619;81.05963614;83.42937645;83.69%;7.940982412;10.66114501;47.55770651
57.46735637;78.63670054;60.06368352;86.18679816;91.22%;7.771541046;5.075725577;46.58443285
53.76313567;81.95513527;53.08369463;89.51804873;94.80%;9.348304494;2.915856728;47.38373803
80.28259089;94.82457819;78.40898315;97.60872177;87.18%;10.42661188;8.352548459;53.88280825
71.28094756;82.37185809;75.55262086;88.61350417;85.37%;11.91349628;8.665269118;49.39526878
67.70047196;82.87683819;75.550399;102.8426807;89.86%;9.765462827;7.020283766;56.00259021
70.98637688;79.3331078;74.6869995;78.8171548;82.11%;9.878316135;9.59542857;44.7387557
55.53715503;75.69933604;63.19728194;93.81158265;90.19%;9.483129925;4.965259323;50.47218853
60.66128524;93.06430841;57.23350042;106.3373087;96.26%;12.01049068;2.027775298;55.67704847
59.38939252;89.74060691;51.42173041;85.95124126;91.02%;11.3390682;2.911466837;45.55768654
77.34933875;94.21599143;72.30016185;89.92334482;88.32%;9.212443877;7.693248069;49.63721269
87.23854926;97.61341284;79.68304218;83.49471882;83.96%;10.27367898;10.2857152;47.44446932
74.45635011;89.32469245;71.39540052;84.30581896;85.74%;8.106800374;8.132988376;46.92729758
77.90807697;98.13750132;69.72031914;91.3174854;89.58%;7.769400011;6.894549141;50.00426033
51.24452144;75.05933801;61.02773501;101.8828513;92.58%;13.9803802;3.478582646;54.01706583
63.18938827;93.99259113;57.35521639;99.80350554;93.71%;9.273032199;2.795540012;52.62621827
50.78282755;75.32685619;55.34784838;88.72409296;93.75%;10.18448828;3.587292528;47.2675315
52.85135572;75.10387088;58.3513965;88.74284438;92.77%;9.518638732;4.338398757;47.59484006
58.67391433;83.35368452;62.69758141;101.9681778;93.06%;10.06380562;3.902605085;54.2192392
71.90934037;84.25822047;72.2138663;82.11805468;86.14%;10.35740891;8.573351946;46.00310075
72.98801538;89.7327651;74.40714054;99.29692716;89.48%;9.56720708;7.138823299;54.22698709
67.53765171;78.79204765;70.64529397;78.78032532;85.18%;9.870211785;8.570003601;44.28066719
47.00872558;70.81643441;54.25568272;87.06098479;93.71%;9.344112889;3.505810581;46.37155173
85.92187003;97.01948259;84.13831826;98.70140273;86.94%;8.62424935;9.646682806;54.98867842
63.53525242;84.1201559;65.97675054;95.35210588;91.06%;11.55080471;5.486164223;51.50053156
66.07890976;92.93333551;60.39198836;94.79861127;91.76%;8.029945644;4.139945318;50.61821396
58.89256896;76.14445255;63.69940768;83.99461338;88.67%;9.866624315;6.238988326;45.9665772
75.79621241;86.29229868;74.22566652;79.0237822;84.53%;7.201997682;9.454892761;44.76901018
83.77809549;94.93974983;75.55069305;77.00830655;81.36%;7.810539002;10.01287294;43.97408889
63.33808069;92.19528435;55.1118143;88.38007658;93.60%;9.631186366;3.55692539;47.07415224
46.14106335;68.42131219;58.10928704;94.28874038;92.53%;7.701064461;3.642249922;50.14068991
56.61737615;88.32440229;50.43154597;89.21688068;92.48%;11.01278574;2.29981013;46.97483197
62.0353836;70.19825751;73.4521731;83.06666858;85.80%;8.869834029;8.781343695;46.57160603
63.81697963;74.80033332;73.93264249;90.7955925;87.96%;11.74893149;8.010016292;50.23694375
70.3324531;94.71068181;60.23910581;83.67267502;90.85%;6.97013538;5.394389601;45.42196232
67.33164164;96.29247131;55.91625846;87.32884274;92.69%;10.98929921;3.895091598;46.68591555
65.28505137;85.01110083;68.19940337;97.37298749;87.31%;9.419665312;5.810556227;52.66699897
51.22990217;78.07998824;53.89081666;90.60653175;93.60%;10.87522638;3.004467175;47.99106989
83.76706587;99.12843394;74.01447367;84.52884813;86.28%;7.782868383;8.763524006;47.31016657
45.34271764;67.4598748;61.8397859;104.7268623;94.99%;8.906606228;3.360084733;55.40008283
81.23408171;97.62879099;76.35324207;96.19219185;86.97%;12.14288723;7.983492779;53.00583623
72.63568987;92.02543923;73.07756775;103.1897933;91.03%;10.08937545;6.367841344;55.90382143
55.46791348;84.55210257;51.05509209;84.7993312;92.62%;8.49646967;2.97128651;44.97343567
47.74786908;74.60495219;56.16625011;99.95908779;95.89%;11.58011942;2.497576836;52.59245641
56.79022923;84.07845134;57.43031182;96.37727144;94.83%;7.991700889;3.226166536;51.03932738
43.28470101;68.42636572;52.92845508;90.45050079;95.11%;12.45510966;2.787101516;47.82708092
72.25864497;84.70770659;73.72868556;86.26623191;86.36%;7.932556968;8.470576064;48.07993933
49.01811283;74.72144006;60.72323567;108.0885774;95.32%;10.30395841;2.70121199;56.85672089
84.09598942;98.95282185;80.59431223;100.9588839;87.74%;12.31361893;8.513759103;55.68757068
69.11064363;76.71255677;79.73644468;92.40521711;86.59%;8.885158173;9.271524563;51.58862222
50.46739306;76.18390136;61.86058351;110.0136618;95.59%;14.35421357;2.754253814;57.89448291
75.16676752;84.58299416;80.12205665;92.81832202;83.60%;7.892952583;9.319685378;51.81598529
61.19782452;84.53661558;65.45562028;103.5179679;90.57%;12.93427784;4.407705755;55.25036393
86.8499588;100.3681352;73.7532047;75.94269776;83.25%;6.73358832;9.689786766;43.28081024
53.23674058;78.80300025;59.52105317;100.4894881;93.78%;9.569394031;3.274835117;53.18632963
82.94335016;94.17639774;76.12326093;79.82649573;82.66%;10.29848428;9.8357717;45.36373039
82.91326264;94.77215352;81.78947478;97.07309316;87.22%;11.3906972;9.24699882;53.99583152
36.51219708;57.53436888;61.66098813;109.3503586;95.82%;13.54532957;2.776101297;57.55758796
82.67983988;88.58882919;87.69970433;97.35421706;85.40%;12.95981236;10.70996343;54.77631446
59.22595987;82.05703768;64.42518134;101.2442918;93.37%;11.88358931;4.415685388;54.07714842
57.53429878;78.78511397;61.56816156;90.40501438;88.29%;7.544208376;4.956884298;48.70352361
59.22659472;75.58106891;64.387209;83.2854483;89.06%;8.620617855;6.494412535;45.70348815
49.6217406;69.47686782;60.94993437;92.18382084;92.19%;12.73663582;4.598215979;49.49649703
76.89346514;83.54383453;82.08669996;88.92006613;82.11%;9.140103844;10.27327492;50.22509949
61.58574549;92.98958344;56.19062987;99.85671449;93.48%;9.052998634;2.511776608;52.53079626
79.91186071;89.36776299;77.10357397;80.25327303;83.85%;6.46783423;10.03225858;45.64474712
79.73712677;93.78716139;73.22417263;82.39882627;84.58%;7.328322073;8.802018529;46.22751217
56.15015563;77.3288085;60.20284858;87.58528253;90.51%;8.148686294;4.935496717;47.24650407
56.51633838;85.81896752;55.85739149;97.84245139;95.55%;10.76190215;2.657509739;51.56652674
58.16431273;82.70738365;56.24486408;84.14218619;92.44%;7.668538109;4.350131491;45.22065549
75.50549293;89.50802365;70.03478182;77.26092014;85.14%;6.476527663;8.587953353;43.48603664
76.84413647;88.13838247;76.61400567;86.69506919;86.15%;7.083859337;9.162107138;48.59174273
74.31313042;84.19727402;81.29991502;98.08518587;84.85%;8.778343467;9.003920202;54.3971785
64.80582624;92.38729636;56.9999388;88.7561473;93.27%;9.272231288;4.002448824;47.45636922
72.92144151;89.94230936;70.12975267;88.25099866;82.77%;9.756517307;7.361285351;48.63746464
64.49570369;90.77370678;62.41644231;100.3285041;92.50%;13.17884813;4.02597048;53.44658186
57.85148917;73.7811604;68.43833068;94.58168254;89.42%;8.957000569;6.203875444;51.39583415
68.38525732;81.48557383;73.58258811;91.32911005;87.03%;7.795029272;7.859804827;50.42371396
59.75580438;82.20744373;60.90608674;89.9985295;91.65%;9.948097293;4.84499047;48.46068291
57.29991326;76.68503029;67.28813808;101.4228972;92.83%;12.57926947;5.104362356;54.46811954
63.22594874;74.112182;74.76097823;93.0878534;87.32%;11.17668054;7.959411331;51.39180736
58.67166426;84.7774072;61.98469712;104.0058277;93.56%;14.36352063;3.473164736;55.10983232
82.21377868;90.22533574;85.19957747;96.58015401;86.09%;9.124266406;10.17233865;54.12482529
74.40487957;97.72614715;66.22139704;93.53568809;88.86%;12.36154719;5.744443579;50.68094827
81.49106831;93.88054651;80.53697951;96.50269928;87.41%;10.10085506;9.015594668;53.59545595
73.6700639;93.540978;72.08231483;100.981834;90.59%;13.98757087;6.351613628;54.78352945
55.23705715;84.91116224;52.80430924;91.71374718;95.40%;11.7097516;2.609144985;48.39670066
61.75167458;74.07096555;70.80492176;87.34698332;88.12%;7.801395289;7.612620376;48.26810387
77.85873812;97.48364792;70.76104625;92.74640294;86.96%;8.237798337;6.98149478;50.77981744
55.49998307;82.98884285;54.21494228;89.27657726;91.62%;9.556251567;3.227830304;47.39426524
69.25148113;91.97030219;60.76105152;81.72714187;89.69%;9.843796559;5.745073084;44.5877635
61.38572967;73.05947769;73.38795426;93.10514061;87.22%;12.05636264;7.601961443;51.25288703
69.3574749;88.19430718;65.71916142;84.46331015;89.00%;9.444947839;6.694377828;46.40032342
80.73942533;95.76417783;70.74962048;77.22730442;82.83%;6.238237525;8.792613404;43.55494897
56.44397265;79.51207141;56.64607013;83.01012854;91.74%;8.240726033;4.573943078;44.73717
40.12951238;66.9818418;48.68502525;86.33686379;92.81%;11.55948814;2.196392256;45.45131003
79.82741414;100.230666;68.14540483;85.97370221;88.12%;7.509299811;7.127123861;47.35157876
79.74798531;93.74527288;71.4153853;77.20224432;84.61%;7.58171057;8.960355298;43.62187235
52.71958187;82.26712406;55.17147449;100.0942804;96.27%;11.02841556;2.228257722;52.54344156
78.64732197;88.72144225;82.77988694;98.88741174;87.35%;11.1052037;9.291666659;54.94718038
54.03995854;71.23141011;63.19065437;86.97587168;90.87%;8.619010983;5.752421131;47.28541181
74.65806041;87.24836528;71.05174947;77.09158995;84.99%;8.36351956;8.875179558;43.53309385
72.56697466;91.88346548;65.25833369;81.76600413;87.37%;11.41181267;6.886619453;45.10590999
41.95431443;66.89796775;52.48918576;89.8918245;95.16%;12.15115986;2.732452112;47.51429302
47.39823022;73.5157923;52.55883789;88.44393619;94.79%;9.315296351;2.90696041;46.82682914
51.59504803;79.9948072;57.19773589;103.3331367;93.49%;8.402244421;2.36158075;54.25210108
90.2077601;101.7994944;83.9305415;95.57140878;83.18%;11.46001452;9.9527588;53.52545292
63.5558546;89.99579651;61.41793023;98.67985488;93.37%;8.891011338;3.96041034;52.54434049
68.75803988;88.4195183;68.3748329;94.65962936;90.74%;11.8739939;6.155629307;51.43266474
58.81938478;89.89936093;53.5904286;94.43670787;95.05%;8.709904905;2.473784648;49.72252967
69.5901661;83.62245804;70.94122872;85.40004541;86.67%;10.25956667;7.876505973;47.39354211
67.21591179;79.61756068;75.81298446;96.44885387;85.06%;9.913063757;7.822893952;53.05591175
67.88329503;77.47174527;80.45412441;100.8966169;88.32%;9.629652552;8.470540687;55.6210329
49.57095968;78.78520491;52.4320047;94.25929465;91.87%;8.645561434;2.217999383;49.52129698
61.03715365;78.13085868;63.4076331;80.94589417;85.69%;7.950931318;6.517985176;44.50530348
60.40320372;84.79192236;59.26320044;90.28896873;92.77%;12.46804612;4.393918023;48.43203958
69.80852732;76.12019841;75.51997294;76.70910615;82.58%;6.588251107;10.05200425;43.82955485
58.29978159;79.48009674;60.6604002;87.14895616;91.36%;12.14450525;5.101775661;47.11688991
59.55939281;68.8514053;74.75349734;92.06227748;87.84%;11.97505428;8.05503166;50.90958937
83.19424423;94.32329484;81.60635518;94.32628875;82.20%;12.3348772;9.523520309;52.70593558
66.92786071;89.02650399;67.91098008;101.7379085;92.42%;13.95409483;5.235943579;54.69479791
45.37509791;68.92248761;56.10651927;92.74844548;94.38%;7.668174179;3.313035178;49.20665477
62.46315413;79.09190606;66.32783928;86.41429067;89.28%;11.40556309;6.618997403;47.38398907
66.87800639;78.22118964;76.18826012;94.84906344;88.07%;10.05676349;8.103235136;52.35331331
57.64267163;82.10366643;56.075315;84.05138054;91.91%;10.34237812;4.314867736;45.17473169
68.20123418;78.82276333;78.85836837;99.17113437;87.87%;13.31157681;8.269430838;54.66864513
88.06854835;100.1607893;75.93097244;76.85699723;82.97%;10.55909867;10.11572269;43.95660199
41.77851157;69.10432432;50.57826884;91.39617255;95.55%;12.42693396;2.072230875;48.00759854
39.17059787;60.31929783;62.36984305;109.089364;95.65%;9.119459827;2.98851103;57.4878453
61.82045389;92.49020908;58.50598151;104.0688633;95.40%;12.30948399;2.612209273;54.76139564
69.04023365;75.24300894;80.47832151;90.51573648;85.93%;7.321492353;9.67617592;50.77997211
65.70685657;84.25979605;70.51167107;100.2052112;89.95%;11.23121803;6.053115632;54.23953776
64.75044482;90.1021686;64.79849397;103.9880173;93.90%;11.13088474;4.18480461;55.3861425
54.98500772;70.91512195;71.73830146;106.1319726;92.21%;10.83218211;5.669125583;57.12353848
74.89514696;81.76169296;78.31234688;81.27582629;81.22%;10.22066663;10.20581378;46.2677614
81.62926067;98.10989852;75.5672774;93.84368429;84.54%;10.51187644;8.074188398;51.82606923
58.96405374;79.08311186;68.97098899;106.3873831;92.99%;11.00427748;4.96729351;56.95552421
81.97886399;99.36357065;72.7391968;88.25967985;86.85%;10.51121516;7.991528599;48.91629047
71.65208251;82.79251954;77.76058618;94.27212917;85.76%;10.51402919;8.563609698;52.25618828
70.13595232;79.12254722;81.24696492;99.35197141;86.26%;9.724386301;8.847187892;54.98776954
70.98699289;79.69963655;72.55500145;73.76959696;81.21%;7.191400566;9.627719602;42.13835274
90.75039311;101.3884207;79.38614255;80.01885007;81.98%;6.986763355;10.63210972;45.78401813
71.25153949;91.18471517;63.77461;80.39800606;85.10%;8.255213666;6.65463678;44.28360689
74.11001263;87.08564042;71.58681679;79.99060832;85.42%;6.581419014;8.67470962;44.92892035
70.89159691;84.63025293;74.77928516;93.93602933;88.76%;8.689392203;7.865050013;51.7731993
51.98945547;77.40500556;57.07457691;94.8055133;94.55%;12.15532779;3.323931346;50.29691233
67.31655752;83.03438371;71.49513371;93.72043775;87.69%;11.97285545;7.065873493;51.33956306
42.84647009;65.57286973;59.15367685;101.3187314;95.16%;8.551839501;3.086011552;53.52627096
62.24987044;82.80767523;66.35920697;97.54863702;91.41%;10.04564117;5.334837337;52.55744087
43.41609625;63.00252426;64.65686931;107.3608105;94.44%;14.5990746;3.758175706;56.96025715
83.88944917;99.30636661;74.98118984;87.10996809;86.19%;7.654773212;8.70200935;48.61169897
71.69152423;97.6799539;65.57868697;101.5623837;91.23%;11.97982282;4.657985708;54.3452113
79.07961398;84.32434396;87.67121611;98.63760392;85.68%;12.34993205;10.55663669;55.36765473
85.71621775;97.53222159;81.59315282;93.75930644;85.11%;8.043895709;9.578007395;52.41186887
45.64720731;72.58827404;53.50654923;94.80037024;95.88%;8.331549782;2.421250591;49.88497947
56.76273002;82.42888749;57.81720515;92.87438414;88.58%;9.075670221;3.737409307;49.46157736
56.91483058;78.97374351;65.52227106;104.135827;93.55%;10.10651978;4.364645496;55.53313729
45.40940153;71.39907738;52.56075726;89.97351094;95.15%;12.49540518;2.742767679;47.56280537
73.4322807;79.2974415;79.58210074;83.24408219;83.21%;8.797570581;10.31306904;47.3183795
72.95090802;87.86839805;74.36919522;94.2033408;85.83%;8.888686713;7.718693619;51.84931665
72.74568352;97.51429645;62.45025891;88.73707458;90.16%;10.59742061;5.370618223;48.04028471
66.34713065;86.38233103;61.83686561;79.67843217;87.16%;9.783895;6.262500617;43.75439225
50.91888344;78.7338094;52.58623291;89.70692012;94.36%;8.140600678;2.778510067;47.41495878
86.4841594;94.87048165;85.56207562;94.56400071;85.48%;7.632084178;10.49452374;53.21608337
45.54196079;62.92164568;67.64485746;107.525164;93.21%;12.99519038;4.500951652;57.35336342
79.04019067;87.63379928;79.91268467;86.51547453;81.32%;9.916768591;10.00664968;48.87778759
77.0925005;94.11807513;72.41205634;90.80500054;87.51%;8.408007791;7.635050543;50.06133818
74.08262585;99.11057509;60.76644678;83.46889115;90.30%;10.18343649;5.54844157;45.40215888
58.37388002;82.73680668;58.03739387;88.54036727;92.83%;11.38146992;4.274433711;47.4743144
79.00757678;86.66594858;84.4393678;96.42201852;85.01%;9.304044631;9.981806578;53.96290451
69.25375983;74.62013728;83.22108198;95.88294591;86.37%;12.89873524;9.74012952;53.60333803
72.17390749;86.80541335;73.61165458;92.01708343;87.79%;7.804056669;7.775817344;50.74193802
72.77084331;94.9433416;69.61740483;101.2920306;91.82%;11.51765117;5.709660537;54.65361842
42.63343051;63.17835575;56.00821921;86.918602;93.19%;9.485289021;3.96751699;46.49679952
60.80237208;71.82101058;73.60248621;92.57653561;87.91%;9.645989838;7.725674367;51.01941109
54.81115891;73.42507907;61.76727296;86.20169126;90.73%;8.20305871;5.477712201;46.76679593
45.08852168;65.85879146;58.75593008;92.85604341;92.25%;8.852391177;3.96084215;49.54648073
58.62154991;81.86760407;58.96336483;87.62482979;89.62%;9.583507214;4.608863466;47.13553829
67.18011036;74.37112014;73.29517731;75.29166311;82.20%;7.864356539;9.633906445;42.92849111
75.75148076;89.66982816;73.77361712;87.25554168;86.75%;11.89891435;8.367015641;48.56845544
79.87484349;89.04894017;76.85745126;78.80415858;83.77%;7.239826339;10.13877404;44.94901785
70.86989825;80.5759366;78.86157631;94.13472045;86.76%;10.56242894;8.867105239;52.31570184
40.34432628;65.19232739;55.71888962;100.1299293;96.12%;10.28619582;2.367980897;52.6172024
74.72806157;88.01259074;76.32005376;93.542087;86.51%;9.267985111;8.29069668;51.7561148
47.17271599;69.60700108;63.95945304;109.7026705;95.07%;11.23732834;3.304699692;57.9515479
56.60951768;87.06353172;54.37555704;96.89205846;95.95%;10.07359873;2.38387253;50.95604226
67.18799768;79.0163539;69.42707473;77.37322693;85.08%;7.195806785;8.426512758;43.47899941
83.61933074;95.71124678;74.11814376;75.8702395;82.65%;6.697200909;9.779164066;43.28156597
56.61509212;78.76616248;59.91859179;89.26918903;92.35%;7.412539143;4.661613949;47.99163971
58.98885127;69.86301016;74.75345079;97.092992;89.07%;13.06985531;7.487304034;53.26257727
40.82414574;63.25885389;58.72744367;101.1946067;95.23%;12.03817508;2.983884945;53.43940309
73.8205599;87.68755054;73.23227123;87.38520865;84.67%;10.21153693;8.225294697;48.56446714
47.88552231;72.30336117;54.75512412;89.384195;93.42%;11.53528575;3.362959648;47.51930423
75.68435863;86.3136611;79.79753877;94.95291642;87.19%;9.078480754;9.00074354;52.78525735
63.42787046;85.12140448;59.80012676;81.52423684;88.17%;11.16499097;5.538328901;44.40265785
47.41426676;73.00462338;54.40238389;91.88599428;87.97%;9.976472501;2.977016571;48.63256827
54.99274003;76.59317965;61.68686597;94.29544484;91.44%;11.71230899;4.518765097;50.54334046
46.67649601;73.51759925;57.84289501;105.6377722;96.42%;14.16694351;2.24887741;55.42447278
75.31255115;99.82380274;62.66553454;86.18787506;87.72%;7.223710324;5.720621217;46.85786622
85.92638507;94.47923188;84.59454954;93.05587062;85.04%;8.164830913;10.42989174;52.41526749
73.71309768;90.26439523;72.69542649;93.48564954;87.46%;9.461500472;7.374672489;51.33598525
71.97269964;91.83373327;72.72251569;104.115666;91.49%;11.72900148;6.150317529;56.29703352
57.18093032;86.1199575;60.01464135;107.5972638;96.30%;11.32976831;2.571832476;56.55452354
76.35668731;95.36606137;66.73437341;81.33027088;86.63%;7.188754359;7.29259017;45.03031079
70.57394934;77.37759418;79.68293312;88.82227119;84.66%;9.105439208;9.676132219;49.9188595
77.17379396;98.62623054;68.53661148;92.23167378;87.32%;8.392348355;6.483075193;50.30235668
76.6422565;88.91583281;74.91261144;85.16400502;86.12%;9.329245292;8.907521575;47.70797864
70.66516221;95.69433421;66.71222605;102.9353161;92.69%;8.326756222;4.77819317;55.08165695
55.71396392;83.74014509;51.27775115;82.34100124;89.21%;7.505942802;3.304208574;43.84466605
50.09355323;71.44914806;65.12962076;107.2541649;93.77%;9.255243787;3.890698586;56.93029959
59.63234772;88.51920922;53.45806415;87.06527988;93.00%;7.093665998;3.31159824;46.27720111
81.98569738;94.74993843;75.17330636;82.0164022;82.90%;8.036431879;9.326444499;46.25943114
53.8342831;74.32045601;61.27640307;90.98156766;91.05%;8.335158465;4.824939939;48.94851642
72.79068003;81.6066693;76.28980326;82.81927329;83.55%;9.823216836;9.518078468;46.76540294
62.68483105;87.25800434;62.96016816;98.7127616;91.66%;10.33571788;4.327626408;52.72712083
65.93146193;72.39632744;76.66322503;83.79533561;84.87%;9.80164074;9.511167434;47.26474402
62.21350229;74.62457574;72.94787842;93.1880286;89.24%;10.5482573;7.483201323;51.23572551
62.12474008;82.74954746;60.09194582;80.45063467;89.36%;10.40545797;5.733699324;43.92915557
48.99524417;68.02724171;57.5711825;81.30816426;88.13%;11.12129345;4.995909479;44.05891304
64.03255922;79.61355009;73.98083695;103.1541969;90.89%;12.12740379;6.589624987;55.99259682
42.54447708;66.746488;52.46630018;87.34355143;94.44%;10.04559736;3.023675938;46.31473029
62.81500074;93.91814699;54.45998565;93.12824569;94.66%;9.927004968;2.864165479;49.22340153
44.56436758;66.88912404;59.06008393;98.30575631;93.73%;9.676443722;3.402850529;52.11770034
89.36954053;101.5160102;77.33028993;79.79643072;83.76%;10.40596191;10.13832558;45.4784463
58.64049741;85.70524552;57.2164638;93.41479451;94.00%;8.547586565;3.511826781;49.64001802
75.72804775;88.26418584;76.22393029;90.28632198;87.04%;7.629525012;8.644840883;50.22209993
58.30125808;72.49308119;65.07442717;79.97988985;87.81%;11.10236;7.045146634;44.25254333
65.78701322;78.77483087;75.37911766;98.19820589;87.55%;13.63898159;7.503662854;53.84188175
45.41783238;74.17517823;49.79411674;89.828869;96.26%;9.099423433;2.056147789;47.17412712
67.1878907;86.66255182;63.41919112;81.96792942;88.65%;6.745312514;6.398877528;44.97322359
51.91537629;81.13358507;54.62529326;98.32304109;95.65%;7.990044335;2.280428643;51.63594687
55.69394235;83.14256462;57.14703199;97.08523621;93.21%;10.54977625;3.079664471;51.35625232
59.72420119;88.49666633;52.84641113;85.34248676;93.66%;11.30977932;3.35752405;45.43516249
40.8251226;63.9635283;54.23726627;90.94707924;94.40%;8.674551039;3.043352928;48.16991235
44.84868524;71.43906083;55.32422083;99.57982414;94.27%;8.115880127;2.333398672;52.30630752
62.67757153;84.68366542;62.46585119;90.17849915;88.72%;8.717088155;5.215409213;48.70460617
77.90536899;84.81582998;77.47651856;76.0659585;81.00%;8.148381523;10.61664886;43.74955849
68.17038717;83.90197616;70.01285903;88.73516401;86.53%;11.71078997;7.26829854;48.85850652
77.79117252;94.61757747;68.90589579;79.85997353;84.50%;8.32057051;8.018081246;44.59086247
62.81519679;87.04420168;64.09505788;100.7523345;91.88%;13.21388133;4.39405537;53.82257059
57.03815146;83.26770017;55.58129138;88.05815708;88.03%;10.65389834;3.713052125;46.98138269
65.45754917;79.41439384;67.47109202;79.29464362;85.96%;7.528885978;7.71572818;44.16568006
44.51091616;66.87545807;58.98999404;98.38553371;92.37%;8.93011341;3.373628987;52.14181394
60.83614359;88.10713091;55.60844424;87.50314607;92.00%;7.188605017;3.782200967;46.70467163
45.11005874;63.87752205;57.80083617;84.77118101;92.00%;7.556560242;4.668015136;45.67988152
46.38657732;68.76458528;59.84154988;99.01027709;94.44%;7.988785118;3.528998235;52.52432653
65.96916926;94.43945382;59.84517147;97.71056665;92.85%;7.963625455;3.670460093;51.91572206
58.53741034;75.6180346;65.07971468;87.67661267;85.61%;8.546915549;6.137300812;47.81049351
43.43561381;65.41121851;58.00471712;95.58529979;94.16%;8.164957271;3.453267159;50.72993546
64.87974923;74.25447184;73.24395302;83.21945083;86.17%;6.892793104;8.717001987;46.61093281
77.72586199;96.43863571;68.82704321;85.00795117;88.16%;6.87546017;7.404120861;46.96929414
94.50173639;110.1175972;79.49652935;90.36698682;80.59%;10.54733401;9.443472178;50.62296401
54.18812882;70.87954317;61.83402015;81.89922842;88.69%;10.77266646;5.997122936;44.78980366
62.06103378;87.01902201;63.06219062;100.6167111;93.45%;10.50780952;4.148032122;53.63130323
78.60735837;88.42399196;82.66675448;97.75629517;84.88%;8.828142176;9.387868631;54.3925738
50.06459552;77.39693906;56.37270007;99.84987899;94.89%;11.35193713;2.547300489;52.55617839
50.94520394;74.64278391;59.29579431;96.90233546;93.98%;10.78598944;3.635122462;51.50135255
55.64152229;84.22006631;52.81800591;88.24364982;92.72%;11.25411344;3.012695488;46.78055094
63.18350321;84.56535706;67.22714532;101.1782732;91.81%;8.376798983;5.116866105;54.32253275
49.73197543;70.75847158;58.23022701;87.64548136;86.25%;7.416695543;4.435588167;47.05907459
51.28080455;75.24991328;58.00245902;93.82932983;89.16%;9.279330427;3.659391201;49.92094285
46.26126531;71.76503044;55.153057;94.99052077;94.90%;11.28166109;2.817775604;50.17021032
59.91378401;84.89673714;63.60569597;104.1482362;93.84%;13.25392997;3.860764297;55.34250053
65.73301529;80.21156533;68.64614349;83.78197453;87.36%;9.796802281;7.500828518;46.39702007
64.92145908;79.48926749;67.00443692;80.22280442;86.22%;6.731629258;7.497668504;44.54533386
76.94159351;95.3283705;72.05621847;93.71111415;88.40%;8.299418795;7.207204248;51.37341614
75.34291056;94.0738231;73.43873167;99.77548161;89.07%;9.290938206;6.842730951;54.34489444
71.25396447;85.18918135;70.89530749;83.53400417;87.04%;8.076564163;8.090565947;46.51166024
66.0802513;85.34821305;63.54420152;82.64842048;85.56%;9.314882727;6.349113295;45.31749382
50.99130577;72.64683533;60.960331;96.00533424;92.93%;9.286625571;4.141089873;51.24734905
44.40849224;67.90334017;60.77700155;106.5695784;95.63%;14.35191153;2.875256222;56.17343585
38.23153811;62.70771112;57.48931079;105.8303816;96.13%;12.50105952;2.14320164;55.46844989
58.98194657;88.79984436;52.10526483;86.77223965;94.60%;9.84401705;3.005275647;46.01156743
60.30164668;81.2814196;63.87243413;93.57561321;91.68%;11.77143005;5.173466456;50.45349644
64.46329526;77.91584041;69.31447251;84.03894996;85.63%;10.64005489;7.637901526;46.59300796
75.90874651;94.36626518;72.66788377;96.62057397;89.15%;11.63257475;7.008965153;52.8060204
80.08982303;100.1686111;64.68363067;75.27327491;83.62%;9.6040433;7.485902474;42.00961598
62.97215338;81.73475841;63.44658264;83.97012441;89.80%;7.744836961;6.174544648;45.913745
76.32223448;96.98884147;64.04336864;78.50122586;86.90%;9.848553734;6.942773427;43.44010259
57.60151826;78.36852649;67.45285359;105.2166434;93.32%;9.132660258;4.715388288;56.23387816
62.47230194;79.25981226;67.33775533;89.7151728;89.50%;10.20620485;6.489577309;49.02056526
85.96114993;99.52497452;80.26679456;94.72226248;82.95%;11.65660183;9.151683359;52.74650715
58.43355777;80.89940629;60.3643546;89.52718003;92.30%;7.802078589;4.740661114;48.16060656
60.45498444;72.29189291;73.17993005;94.07336643;87.93%;12.25823413;7.430219848;51.67894609
41.19149758;64.08137428;61.96527041;110.9506761;96.05%;11.91995504;2.671469154;58.32687338
78.43596995;90.28780959;76.22442749;85.77119424;81.90%;9.438961197;9.156806805;48.12792282
84.07967606;93.93946311;81.15585526;89.00265833;84.76%;12.36038595;10.02845346;50.18196188
73.80955929;82.8747065;77.70659757;86.48169013;85.66%;10.16008546;9.455288153;48.62575362
88.17330662;99.02867776;79.2780846;82.77577611;82.42%;9.710854249;10.27913817;47.06822297
80.81426028;99.98784792;71.38552149;90.63720906;88.43%;8.669990966;7.378987463;49.86688246
59.54329154;76.86250022;62.77456271;81.37315133;88.44%;10.68708787;6.29977879;44.64809247
70.86761213;81.88816336;70.36447519;74.16650531;80.53%;8.20157033;9.04747262;42.10021469
61.19644295;74.3529244;72.68689782;95.47129686;89.45%;9.63854925;7.146398176;52.26140714
74.88280907;95.01225905;66.84344147;86.12276295;85.85%;10.19366878;6.780251747;47.29575966
79.52287572;96.01372436;69.12159607;77.99076497;86.00%;7.362038787;8.279531021;43.73493157
65.25291408;91.92969379;61.23277155;97.41937528;93.73%;9.285770125;4.054509451;51.93814998
78.02317232;90.11288535;78.21249686;92.54946585;87.11%;10.62268947;8.88462006;51.50754687
75.93132945;91.33389774;76.37676046;98.37245902;88.88%;13.34509689;7.731385699;54.02733702
66.86001457;90.75519302;60.34416981;85.69129021;86.78%;11.85289848;5.189343522;46.40231473
59.33308187;81.0765258;60.78353232;88.19445965;91.72%;11.7422427;5.00757458;47.61233274
62.44997796;90.57845302;59.6599273;99.48762178;93.39%;10.38657845;3.419817004;52.73756248
51.46855578;75.39372686;58.5743932;95.26987765;93.88%;8.934591825;3.647740667;50.65542404
67.30230905;78.23294776;69.38525046;74.59574408;81.22%;8.897340022;8.753726611;42.19952609
65.16851018;89.68105207;63.6538168;98.23340323;92.73%;8.792798719;4.571923458;52.5757918
68.05860758;80.73952349;77.16901957;100.2243535;89.20%;11.32862513;7.727170613;54.96679377
55.62401354;83.14345357;60.66420968;106.9345914;95.72%;10.92526814;2.81020489;56.31307431
62.25847585;83.04330885;67.49540822;101.121976;89.10%;11.23508698;5.193930068;54.34356619
80.54497484;96.58177387;75.61468521;93.74919146;87.94%;8.463182772;8.096251266;51.77467682
45.28352543;70.88730759;59.71828047;108.6156864;96.28%;14.71058421;2.368116162;57.01165137
68.37803004;86.48001746;69.70199214;94.22289377;85.57%;8.381988892;6.544231915;51.35346469
44.20676463;66.70330499;60.03575652;101.9050582;94.35%;11.36918437;3.234080617;53.90825899
63.84927832;94.72109953;54.18902519;90.81064378;93.04%;11.28581973;3.063332705;48.12378643
57.98049856;77.07710757;61.2187748;83.3459623;88.50%;11.36765633;5.68164598;45.40296546
64.84333686;87.68439332;66.6447018;102.2056716;92.29%;12.69186858;4.855646282;54.76522057
59.72108548;85.7910298;63.06976389;105.7250632;93.35%;9.12945447;3.551821712;55.99733225
71.77279268;90.28360639;65.0326864;79.49399018;86.77%;6.55866294;7.096159473;43.99722205
73.22411524;86.5685009;73.49331501;87.20214696;83.70%;8.285086871;8.321394699;48.49992292
66.45632863;81.77843783;73.13659833;97.96069903;90.01%;10.66619584;6.980003737;53.47769761
48.37419572;73.87897523;53.52179831;88.53101746;94.52%;9.186325247;3.142507852;46.97174774
60.54090961;92.24531434;53.50816461;94.20174049;92.60%;11.78861695;2.495025518;49.62900754
62.3335492;88.63128714;62.1524849;101.4727927;91.72%;9.469515873;3.804999472;53.91890551
59.23890903;93.09643551;47.17289823;83.75259367;89.49%;7.82950854;2.104842383;44.05964689
74.5608262;87.36930852;76.84271771;93.60637997;87.34%;8.711302852;8.411787531;51.83775206
82.47758597;90.76938833;80.34482859;83.69286164;81.34%;7.616581042;10.42883042;47.59192892
78.63339753;86.97427159;75.53505993;74.22247309;81.22%;6.96109957;10.33507155;42.67298154
78.13316544;95.44669756;76.09020253;100.8544403;89.71%;12.39394389;7.375820166;55.1470265
59.92479366;81.82770859;67.08039232;105.1816991;93.43%;8.955334097;4.626243022;56.17666239
84.14103451;103.0643184;68.8621705;79.75294119;82.96%;7.086602722;8.015387379;44.52726854
66.65724209;89.43219207;62.99254807;90.1723641;91.47%;9.071402245;5.336281558;48.75531377
59.82534984;91.2977367;54.00898474;95.70414819;92.08%;9.541763204;2.433800122;50.36277918
51.63717039;73.55449086;63.95042382;104.3722939;94.19%;13.93021205;3.919527858;55.4870247
48.55357083;76.3310611;52.365551;91.52823048;95.58%;11.66569005;2.512726589;48.2596561
77.32337161;92.70467314;69.6692321;78.48077987;85.68%;10.10441495;8.375051461;44.04438416
47.80237036;71.74392569;53.28039321;84.03131824;92.70%;8.800406135;3.606153762;44.85175675
72.36565495;93.66343019;68.62795553;96.50303526;90.68%;10.5659175;6.014617988;52.31339209
86.82162595;101.1422453;72.52878427;74.85190294;82.47%;6.429518688;9.498123663;42.63544232
74.87326874;93.58838237;70.85277122;93.139897;89.47%;9.718557927;6.968251232;50.9855102
84.74198639;105.6318924;72.96709819;95.89013289;83.55%;12.74089075;7.172234956;52.50653588
58.66005065;89.73322331;52.1398748;90.41339797;95.44%;8.406710927;2.588006086;47.69862945
48.22633347;65.67703293;65.86497176;100.3974137;92.04%;9.072263444;4.861962148;53.81557551
57.74564014;80.51484552;59.98781373;90.03800131;87.67%;8.361305982;4.589336309;48.36208448
55.6344592;86.13357525;51.8617628;90.98367702;93.97%;9.984153637;2.455962879;47.94503332
74.88803301;90.72154627;72.00177784;88.30117567;87.96%;7.677162761;7.819061772;48.8469335
61.40250252;72.89230964;72.54536873;90.30991104;88.57%;7.544738452;7.727425537;49.84090643
78.90136958;96.70798134;72.22230962;90.77093612;88.48%;11.53604069;7.575764648;50.03704646
45.99767386;72.67669649;55.94436995;100.4676233;95.22%;12.86559961;2.375182232;52.80947595
70.68341814;73.90838701;86.36000697;97.11840588;85.89%;11.50221207;10.38389413;54.50662653
64.07505123;81.25707859;71.45306832;100.562563;90.59%;13.34304518;6.259193892;54.52429959
44.20954805;67.11613268;57.04827085;94.72349213;91.69%;13.01445921;3.308025146;50.25299485
62.0764018;86.34420264;66.02396163;106.7804092;94.02%;9.406086862;4.163914391;56.80431403
53.13702336;76.34398658;59.4391763;93.97923403;93.60%;9.267964276;4.004711922;50.14590201
69.95625711;92.15593754;65.29684633;92.18089487;91.15%;11.03635204;5.669581325;49.94362244
79.09898976;94.67317598;73.67618254;88.48854333;87.11%;7.462694946;8.215775117;49.11197546
48.74941362;75.12040877;60.30765221;109.0552009;96.16%;11.2471753;2.464940356;57.25873538
66.8883357;74.6668764;75.24745503;82.77599454;84.58%;11.05972688;9.270795169;46.64459931
72.39943896;93.21959983;65.58434496;86.65994015;85.07%;10.60644289;6.39756441;47.41086402
46.25392977;73.4001186;54.96618066;98.7696354;94.81%;11.83111651;2.314925546;51.9034681
45.00422263;71.3786985;54.85093022;97.59490764;93.60%;11.27949629;2.422383701;51.34150345
61.05569558;71.59237749;69.80004168;80.42878836;86.36%;6.660439606;8.175580408;44.94121882
65.65165152;76.76071467;69.99261152;78.34926144;85.37%;6.502092763;8.472976509;43.99718215
59.03204514;85.87711715;60.71848381;101.8813873;88.56%;8.594903281;3.398944474;53.95015353
68.07973276;85.84868684;70.19875482;94.96378476;90.41%;8.754241453;6.589127625;51.75627343
77.66009209;88.51382017;73.13323155;75.53611923;83.60%;9.5846031;9.579575436;43.04130209
76.8251709;94.64688001;75.06615565;100.5737701;88.17%;12.88293877;7.152313447;54.90975735
82.23973413;91.44248005;77.96990363;79.83017959;82.50%;8.43522113;10.30433087;45.55517074
84.70086839;94.43938383;75.25310608;71.60819054;79.50%;8.441410605;10.56262064;41.43352634
76.61044032;85.16115793;77.62333533;82.15469686;84.42%;7.465518255;9.932610461;46.58677735
68.46037333;88.61934477;68.218747;95.6914349;87.36%;8.694125397;6.011316465;51.88306453
77.18236707;94.87490728;74.64669002;98.66996216;88.15%;13.31180695;7.27480898;53.98477811
61.91066417;74.81086296;71.85821334;92.0340688;87.83%;12.77499516;7.349070863;50.59753481
79.22391572;100.9313305;72.30619685;101.4437763;90.14%;11.27007286;6.366421055;55.01147657
60.8436711;86.47410349;62.35985307;101.5711808;92.87%;10.63693093;3.852389273;53.99679363
58.05723898;85.48245413;58.72672375;99.08642393;94.67%;10.61985028;3.239077122;52.4550421
79.33452065;91.48279695;75.68535598;84.40266367;85.59%;7.377776163;9.184417646;47.42302663
75.06135755;82.37820823;83.07983765;95.16622908;84.61%;8.450356;9.787231101;53.22809348
82.58037226;101.6736395;68.37897597;80.50456898;85.93%;9.544407159;7.797180993;44.83536813
79.81483599;89.61584445;75.60825438;77.32752726;82.83%;6.258109513;9.989836155;44.11930231
84.94812491;103.3554163;69.02119353;78.00014994;84.71%;9.1816848;8.256582683;43.74076785
58.16141316;78.01084764;59.65912223;80.67687914;89.61%;9.17200817;5.598003945;43.98016864
44.67247979;69.31724627;58.34667592;102.5903485;95.58%;9.432613222;2.737225949;54.03673513
45.65228574;70.03825032;58.35470041;101.1800277;95.02%;9.492360857;2.906040603;53.38341004
55.02367175;65.19340897;75.51307253;100.6650364;89.47%;8.857886807;7.254830243;54.97667221
80.97054806;89.59305715;76.70600498;75.95892621;81.56%;7.888954986;10.43296851;43.61426776
62.67528816;74.36971921;68.41478161;78.39432503;84.56%;7.046929963;8.068469782;43.85041344
70.56091309;101.0988912;54.04567346;83.45019733;90.15%;10.92272216;3.872590677;44.67934474
59.13475167;75.27757047;68.11300443;93.06280386;89.35%;10.48131161;6.277184224;50.6544493
81.89482992;103.791864;70.56701729;94.76713417;86.89%;10.65573817;6.694704547;51.71157991
46.92646484;69.201272;61.29616997;102.4147336;94.58%;13.94287825;3.499966064;54.29978669
58.00739201;69.74214096;75.39856532;101.9292243;90.22%;10.77484203;7.089028892;55.56783181
62.24767894;77.20473714;65.54780576;79.70955389;83.79%;6.860992033;7.194622461;44.15214397
76.43165506;91.59504601;73.87024686;90.53978908;87.88%;11.77169138;8.017057389;50.10841996
52.11257513;77.02076206;60.74667168;103.2601308;93.77%;11.86867634;3.245179684;54.61351043
74.62713127;84.012866;75.42658322;80.20554446;82.02%;8.222408683;9.618900282;45.45362603
85.98910112;99.36314157;79.10388597;90.90643243;84.50%;8.481824456;9.286882417;50.82129719
43.23995962;68.11554855;57.87242229;103.2688702;95.54%;10.64531948;2.530611829;54.3047534
71.97575506;86.7396357;69.27397229;80.72395766;86.58%;9.494717517;8.015849363;45.04162902
63.58098794;77.44788849;75.02644201;101.561029;87.85%;8.920111398;7.025558086;55.34008449
55.93074942;77.58788157;58.15475632;83.70476285;89.67%;9.693416553;4.878266861;45.23369244
70.76816492;77.43890947;82.07385631;94.79565414;86.55%;9.72300597;9.597218238;52.96355051
69.61244888;77.0724913;79.13054528;90.06133286;86.22%;8.339155528;9.386181972;50.42794549
58.98415255;74.31272008;69.1080225;93.61683912;90.25%;11.46501056;6.464746697;51.02581436
84.56525364;95.54699008;79.1505612;85.93095368;85.03%;8.704011554;9.887004086;48.51845485
67.49569586;88.59744669;67.84078997;98.21353094;90.02%;9.441868364;5.618689184;53.01764937
43.18410548;67.30130863;55.98462661;96.2064166;95.21%;11.87020166;2.885435483;50.82857043
69.1418614;93.16304578;67.73756489;104.4412955;93.03%;11.00672791;4.863630077;55.90939496
62.8905555;76.54072143;73.61471254;97.9810563;89.83%;11.41916202;7.090721793;53.54006716
59.57410248;72.38714434;74.73174178;101.6981596;90.68%;10.5948051;6.956491445;55.39106589
69.21143634;76.2745126;74.74662278;76.95055676;83.57%;7.993377032;9.818890547;43.86238762
88.08467886;95.92052971;86.79316483;95.04372789;85.27%;8.648555878;10.74176334;53.57494179
55.78751832;83.09461128;61.38200953;108.0039568;93.58%;9.07590989;2.86097321;56.87426276
57.91927481;79.50571091;67.58873016;107.5922993;93.72%;12.32408901;4.468831262;57.37017292
56.23602991;84.60153485;53.71842386;89.5428131;89.65%;11.11231676;3.076547118;47.47579127
64.99725805;88.1950363;63.93880556;95.63550491;89.15%;13.20168175;4.933343913;51.41952272
71.60324824;95.99695037;62.74852581;89.49086544;90.18%;8.457255409;5.342265502;48.40341705
47.49680539;74.3687856;51.10656948;86.40967661;94.86%;9.166898866;2.788403188;45.72804422
70.02551773;85.7305655;68.88610876;84.10442397;87.82%;11.62080986;7.509593732;46.57761216
70.92292549;92.05116782;67.02255075;92.84095553;90.27%;9.410727602;6.050126262;50.43665944
46.8029836;72.35349747;58.79691267;104.4428674;94.28%;11.05993783;2.631088196;54.95456081
73.79448516;90.60761013;73.90964038;97.41437467;89.67%;8.200144474;7.229807138;53.28876142
72.38464433;86.5945955;68.86748852;77.53394341;86.11%;8.421435524;8.282326857;43.50728467
49.7818501;66.91597535;67.80727362;103.3708058;92.82%;10.07769474;5.018507166;55.41915042
